#; x; y; Tiempo; Padre
1; 248; 50; 0; 0
2; 250; 60; 0; 1
3; 255; 72; 0; 2
4; 250; 77; 0; 3
5; 245; 79; 0; 4
6; 242; 77; 0; 5
7; 240; 78; 0; 6
8; 238; 79; 0; 7
9; 237; 80; 1; 8
10; 245; 80; 1; 5
11; 251; 78; 1; 4
12; 256; 73; 1; 3
13; 258; 74; 2; 12
14; 252; 80; 2; 11
15; 245; 82; 2; 10
16; 236; 82; 2; 9
17; 235; 84; 3; 16
18; 245; 84; 3; 15
19; 253; 82; 3; 14
20; 259; 75; 3; 13
21; 261; 76; 4; 20
22; 254; 83; 4; 19
23; 245; 86; 4; 18
24; 234; 86; 4; 17
25; 233; 88; 5; 24
26; 245; 88; 5; 23
27; 255; 85; 5; 22
28; 263; 78; 5; 21
29; 264; 79; 6; 28
30; 256; 87; 6; 27
31; 245; 90; 6; 26
32; 232; 89; 6; 25
33; 231; 91; 7; 32
34; 245; 92; 7; 31
35; 257; 89; 7; 30
36; 266; 80; 7; 29
37; 231; 87; 7; 25
38; 229; 87; 8; 37
39; 267; 81; 8; 36
40; 258; 90; 8; 35
41; 246; 94; 8; 34
42; 231; 93; 8; 33
43; 230; 95; 9; 42
44; 246; 96; 9; 41
45; 259; 92; 9; 40
46; 269; 83; 9; 39
47; 227; 86; 9; 38
48; 225; 87; 10; 47
49; 271; 84; 10; 46
50; 260; 94; 10; 45
51; 246; 98; 10; 44
52; 230; 97; 10; 43
53; 229; 99; 11; 52
54; 246; 100; 11; 51
55; 261; 96; 11; 50
56; 272; 85; 11; 49
57; 223; 87; 11; 48
58; 221; 88; 12; 57
59; 274; 87; 12; 56
60; 262; 97; 12; 55
61; 246; 102; 12; 54
62; 229; 101; 12; 53
63; 228; 103; 13; 62
64; 246; 104; 13; 61
65; 263; 99; 13; 60
66; 275; 88; 13; 59
67; 219; 89; 13; 58
68; 217; 89; 14; 67
69; 277; 90; 14; 66
70; 264; 101; 14; 65
71; 246; 106; 14; 64
72; 228; 105; 14; 63
73; 227; 107; 15; 72
74; 247; 108; 15; 71
75; 265; 102; 15; 70
76; 279; 91; 15; 69
77; 214; 90; 15; 68
78; 212; 90; 16; 77
79; 280; 92; 16; 76
80; 266; 104; 16; 75
81; 246; 110; 16; 74
82; 227; 109; 16; 73
83; 226; 111; 17; 82
84; 247; 112; 17; 81
85; 267; 106; 17; 80
86; 282; 94; 17; 79
87; 211; 92; 17; 78
88; 210; 94; 18; 87
89; 284; 95; 18; 86
90; 268; 108; 18; 85
91; 247; 114; 18; 84
92; 225; 113; 18; 83
93; 225; 115; 19; 92
94; 247; 116; 19; 91
95; 269; 109; 19; 90
96; 285; 96; 19; 89
97; 208; 95; 19; 88
98; 287; 98; 20; 96
99; 270; 111; 20; 95
100; 248; 118; 20; 94
101; 224; 117; 20; 93
102; 223; 118; 21; 101
103; 248; 120; 21; 100
104; 271; 113; 21; 99
105; 288; 99; 21; 98
106; 290; 100; 22; 105
107; 272; 115; 22; 104
108; 248; 122; 22; 103
109; 222; 120; 22; 102
110; 222; 122; 23; 109
111; 248; 124; 23; 108
112; 273; 117; 23; 107
113; 292; 102; 23; 106
114; 294; 103; 24; 113
115; 274; 118; 24; 112
116; 248; 126; 24; 111
117; 221; 124; 24; 110
118; 224; 121; 24; 109
119; 226; 122; 25; 118
120; 220; 126; 25; 117
121; 248; 128; 25; 116
122; 275; 120; 25; 115
123; 295; 104; 25; 114
124; 292; 99; 25; 106
125; 294; 97; 26; 124
126; 297; 106; 26; 123
127; 276; 122; 26; 122
128; 248; 130; 26; 121
129; 219; 128; 26; 120
130; 227; 123; 26; 119
131; 218; 130; 27; 129
132; 248; 132; 27; 128
133; 277; 124; 27; 127
134; 298; 107; 27; 126
135; 296; 97; 27; 125
136; 298; 97; 28; 135
137; 300; 109; 28; 134
138; 278; 126; 28; 133
139; 248; 134; 28; 132
140; 217; 132; 28; 131
141; 217; 127; 28; 129
142; 215; 126; 29; 141
143; 216; 133; 29; 140
144; 248; 136; 29; 139
145; 278; 128; 29; 138
146; 301; 111; 29; 137
147; 300; 97; 29; 136
148; 246; 130; 29; 128
149; 303; 112; 30; 146
150; 279; 130; 30; 145
151; 248; 138; 30; 144
152; 215; 135; 30; 143
153; 277; 124; 30; 138
154; 214; 137; 31; 152
155; 248; 140; 31; 151
156; 280; 132; 31; 150
157; 304; 114; 31; 149
158; 278; 124; 31; 138
159; 305; 116; 32; 157
160; 281; 133; 32; 156
161; 248; 142; 32; 155
162; 213; 139; 32; 154
163; 281; 127; 32; 145
164; 276; 125; 32; 133
165; 274; 125; 33; 164
166; 283; 126; 33; 163
167; 213; 141; 33; 162
168; 248; 144; 33; 161
169; 281; 135; 33; 160
170; 306; 118; 33; 159
171; 307; 119; 34; 170
172; 282; 137; 34; 169
173; 248; 146; 34; 168
174; 212; 143; 34; 167
175; 285; 126; 34; 166
176; 215; 140; 34; 162
177; 217; 141; 35; 176
178; 210; 144; 35; 174
179; 248; 148; 35; 173
180; 283; 139; 35; 172
181; 308; 121; 35; 171
182; 280; 136; 35; 169
183; 278; 137; 36; 182
184; 309; 123; 36; 181
185; 284; 141; 36; 180
186; 247; 150; 36; 179
187; 209; 146; 36; 178
188; 218; 142; 36; 177
189; 219; 144; 37; 188
190; 208; 147; 37; 187
191; 247; 152; 37; 186
192; 285; 143; 37; 185
193; 310; 125; 37; 184
194; 276; 137; 37; 183
195; 275; 139; 38; 194
196; 311; 127; 38; 193
197; 286; 145; 38; 192
198; 247; 154; 38; 191
199; 206; 149; 38; 190
200; 220; 145; 38; 189
201; 203; 95; 38; 97
202; 200; 95; 39; 201
203; 221; 147; 39; 200
204; 205; 151; 39; 199
205; 247; 156; 39; 198
206; 287; 146; 39; 197
207; 313; 128; 39; 196
208; 274; 140; 39; 195
209; 206; 146; 39; 190
210; 204; 146; 40; 209
211; 274; 142; 40; 208
212; 314; 130; 40; 207
213; 288; 148; 40; 206
214; 248; 158; 40; 205
215; 203; 152; 40; 204
216; 222; 149; 40; 203
217; 310; 119; 40; 171
218; 312; 118; 41; 217
219; 222; 151; 41; 216
220; 202; 154; 41; 215
221; 248; 160; 41; 214
222; 289; 150; 41; 213
223; 316; 131; 41; 212
224; 273; 144; 41; 211
225; 201; 145; 41; 210
226; 312; 129; 41; 207
227; 245; 156; 41; 205
228; 243; 157; 42; 227
229; 310; 130; 42; 226
230; 199; 145; 42; 225
231; 273; 146; 42; 224
232; 317; 133; 42; 223
233; 290; 152; 42; 222
234; 248; 162; 42; 221
235; 201; 155; 42; 220
236; 222; 153; 42; 219
237; 314; 117; 42; 218
238; 316; 116; 43; 237
239; 223; 155; 43; 236
240; 199; 157; 43; 235
241; 248; 164; 43; 234
242; 291; 154; 43; 233
243; 319; 134; 43; 232
244; 273; 148; 43; 231
245; 197; 145; 43; 230
246; 290; 147; 43; 213
247; 292; 146; 44; 246
248; 195; 145; 44; 245
249; 272; 150; 44; 244
250; 320; 136; 44; 243
251; 292; 155; 44; 242
252; 248; 166; 44; 241
253; 198; 159; 44; 240
254; 223; 157; 44; 239
255; 318; 115; 44; 238
256; 223; 159; 45; 254
257; 197; 161; 45; 253
258; 248; 168; 45; 252
259; 293; 157; 45; 251
260; 322; 138; 45; 250
261; 271; 152; 45; 249
262; 193; 146; 45; 248
263; 294; 147; 45; 247
264; 290; 154; 45; 242
265; 296; 147; 46; 263
266; 190; 146; 46; 262
267; 271; 154; 46; 261
268; 324; 139; 46; 260
269; 294; 159; 46; 259
270; 248; 170; 46; 258
271; 196; 162; 46; 257
272; 223; 161; 46; 256
273; 319; 113; 46; 255
274; 250; 166; 46; 252
275; 252; 166; 47; 274
276; 319; 111; 47; 273
277; 223; 163; 47; 272
278; 194; 164; 47; 271
279; 249; 172; 47; 270
280; 295; 161; 47; 269
281; 325; 141; 47; 268
282; 270; 156; 47; 267
283; 188; 147; 47; 266
284; 299; 147; 47; 265
285; 301; 147; 48; 284
286; 186; 148; 48; 283
287; 270; 158; 48; 282
288; 327; 142; 48; 281
289; 296; 163; 48; 280
290; 249; 174; 48; 279
291; 193; 166; 48; 278
292; 223; 165; 48; 277
293; 320; 109; 48; 276
294; 223; 167; 49; 292
295; 192; 167; 49; 291
296; 249; 176; 49; 290
297; 297; 165; 49; 289
298; 328; 144; 49; 288
299; 270; 160; 49; 287
300; 184; 149; 49; 286
301; 182; 150; 50; 300
302; 269; 162; 50; 299
303; 330; 145; 50; 298
304; 298; 166; 50; 297
305; 250; 178; 50; 296
306; 190; 169; 50; 295
307; 223; 168; 50; 294
308; 223; 170; 51; 307
309; 189; 171; 51; 306
310; 250; 180; 51; 305
311; 299; 168; 51; 304
312; 331; 147; 51; 303
313; 180; 151; 51; 301
314; 248; 176; 51; 296
315; 326; 143; 51; 288
316; 327; 138; 51; 268
317; 328; 136; 52; 316
318; 325; 145; 52; 315
319; 246; 177; 52; 314
320; 178; 152; 52; 313
321; 333; 148; 52; 312
322; 300; 170; 52; 311
323; 251; 182; 52; 310
324; 188; 172; 52; 309
325; 223; 172; 52; 308
326; 332; 144; 52; 303
327; 269; 163; 52; 302
328; 269; 165; 53; 327
329; 334; 143; 53; 326
330; 223; 174; 53; 325
331; 187; 174; 53; 324
332; 251; 184; 53; 323
333; 300; 172; 53; 322
334; 334; 150; 53; 321
335; 177; 153; 53; 320
336; 244; 177; 53; 319
337; 330; 135; 53; 317
338; 191; 170; 53; 306
339; 332; 134; 54; 337
340; 242; 177; 54; 336
341; 175; 154; 54; 335
342; 335; 152; 54; 334
343; 301; 174; 54; 333
344; 252; 186; 54; 332
345; 186; 176; 54; 331
346; 222; 176; 54; 330
347; 268; 167; 54; 328
348; 268; 169; 55; 347
349; 221; 178; 55; 346
350; 185; 178; 55; 345
351; 252; 188; 55; 344
352; 302; 176; 55; 343
353; 336; 154; 55; 342
354; 173; 156; 55; 341
355; 241; 179; 55; 340
356; 333; 132; 55; 339
357; 241; 181; 56; 355
358; 172; 157; 56; 354
359; 337; 156; 56; 353
360; 303; 178; 56; 352
361; 253; 189; 56; 351
362; 184; 180; 56; 350
363; 221; 180; 56; 349
364; 220; 182; 57; 363
365; 182; 181; 57; 362
366; 254; 191; 57; 361
367; 304; 180; 57; 360
368; 338; 158; 57; 359
369; 170; 159; 57; 358
370; 240; 183; 57; 357
371; 304; 175; 57; 352
372; 186; 179; 57; 350
373; 181; 147; 57; 300
374; 195; 95; 57; 202
375; 193; 96; 58; 374
376; 180; 145; 58; 373
377; 188; 180; 58; 372
378; 306; 174; 58; 371
379; 239; 185; 58; 370
380; 168; 160; 58; 369
381; 339; 160; 58; 368
382; 304; 182; 58; 367
383; 255; 193; 58; 366
384; 181; 183; 58; 365
385; 219; 184; 58; 364
386; 218; 186; 59; 385
387; 179; 184; 59; 384
388; 256; 195; 59; 383
389; 305; 183; 59; 382
390; 340; 162; 59; 381
391; 166; 161; 59; 380
392; 238; 187; 59; 379
393; 189; 181; 59; 377
394; 179; 143; 59; 376
395; 191; 97; 59; 375
396; 302; 180; 59; 367
397; 300; 180; 60; 396
398; 189; 98; 60; 395
399; 178; 142; 60; 394
400; 190; 183; 60; 393
401; 237; 189; 60; 392
402; 164; 162; 60; 391
403; 341; 163; 60; 390
404; 306; 185; 60; 389
405; 256; 197; 60; 388
406; 178; 186; 60; 387
407; 217; 188; 60; 386
408; 217; 190; 61; 407
409; 176; 187; 61; 406
410; 257; 199; 61; 405
411; 307; 187; 61; 404
412; 342; 165; 61; 403
413; 162; 162; 61; 402
414; 237; 190; 61; 401
415; 191; 184; 61; 400
416; 176; 140; 61; 399
417; 187; 99; 61; 398
418; 185; 99; 62; 417
419; 175; 138; 62; 416
420; 191; 186; 62; 415
421; 236; 192; 62; 414
422; 160; 163; 62; 413
423; 343; 167; 62; 412
424; 307; 189; 62; 411
425; 257; 201; 62; 410
426; 175; 189; 62; 409
427; 216; 192; 62; 408
428; 215; 193; 63; 427
429; 173; 190; 63; 426
430; 258; 203; 63; 425
431; 308; 191; 63; 424
432; 344; 169; 63; 423
433; 158; 164; 63; 422
434; 235; 194; 63; 421
435; 191; 188; 63; 420
436; 174; 136; 63; 419
437; 344; 165; 63; 412
438; 175; 185; 63; 406
439; 174; 183; 64; 438
440; 173; 135; 64; 436
441; 191; 190; 64; 435
442; 155; 165; 64; 433
443; 344; 171; 64; 432
444; 309; 193; 64; 431
445; 258; 205; 64; 430
446; 171; 192; 64; 429
447; 214; 195; 64; 428
448; 259; 201; 64; 425
449; 306; 190; 64; 424
450; 338; 132; 64; 356
451; 290; 92; 64; 86
452; 291; 90; 65; 451
453; 340; 132; 65; 450
454; 305; 191; 65; 449
455; 261; 201; 65; 448
456; 214; 197; 65; 447
457; 169; 193; 65; 446
458; 258; 207; 65; 445
459; 310; 195; 65; 444
460; 345; 173; 65; 443
461; 153; 165; 65; 442
462; 191; 192; 65; 441
463; 172; 133; 65; 440
464; 311; 190; 65; 431
465; 174; 192; 65; 429
466; 313; 190; 66; 464
467; 170; 131; 66; 463
468; 190; 194; 66; 462
469; 151; 166; 66; 461
470; 346; 175; 66; 460
471; 311; 197; 66; 459
472; 258; 209; 66; 458
473; 168; 195; 66; 457
474; 213; 199; 66; 456
475; 263; 201; 66; 455
476; 303; 193; 66; 454
477; 293; 89; 66; 452
478; 302; 194; 67; 476
479; 265; 202; 67; 475
480; 212; 201; 67; 474
481; 166; 196; 67; 473
482; 258; 211; 67; 472
483; 311; 199; 67; 471
484; 346; 177; 67; 470
485; 149; 167; 67; 469
486; 189; 196; 67; 468
487; 169; 129; 67; 467
488; 315; 189; 67; 466
489; 168; 192; 67; 457
490; 166; 190; 68; 489
491; 316; 188; 68; 488
492; 168; 127; 68; 487
493; 189; 198; 68; 486
494; 147; 168; 68; 485
495; 347; 179; 68; 484
496; 312; 201; 68; 483
497; 258; 213; 68; 482
498; 164; 197; 68; 481
499; 211; 203; 68; 480
500; 266; 204; 68; 479
501; 301; 196; 68; 478
502; 150; 164; 68; 469
503; 149; 162; 69; 502
504; 300; 197; 69; 501
505; 268; 205; 69; 500
506; 210; 205; 69; 499
507; 162; 198; 69; 498
508; 258; 215; 69; 497
509; 313; 203; 69; 496
510; 348; 181; 69; 495
511; 145; 170; 69; 494
512; 188; 200; 69; 493
513; 167; 126; 69; 492
514; 319; 187; 69; 491
515; 166; 124; 70; 513
516; 187; 202; 70; 512
517; 144; 171; 70; 511
518; 349; 183; 70; 510
519; 313; 205; 70; 509
520; 258; 217; 70; 508
521; 160; 199; 70; 507
522; 209; 206; 70; 506
523; 269; 207; 70; 505
524; 148; 160; 70; 503
525; 147; 158; 71; 524
526; 271; 208; 71; 523
527; 209; 208; 71; 522
528; 158; 200; 71; 521
529; 258; 219; 71; 520
530; 314; 207; 71; 519
531; 350; 185; 71; 518
532; 143; 173; 71; 517
533; 187; 204; 71; 516
534; 165; 122; 71; 515
535; 186; 206; 72; 533
536; 141; 174; 72; 532
537; 351; 187; 72; 531
538; 314; 209; 72; 530
539; 258; 221; 72; 529
540; 156; 201; 72; 528
541; 208; 210; 72; 527
542; 272; 209; 72; 526
543; 147; 156; 72; 525
544; 352; 182; 72; 518
545; 354; 182; 73; 544
546; 146; 154; 73; 543
547; 273; 211; 73; 542
548; 208; 212; 73; 541
549; 154; 202; 73; 540
550; 258; 223; 73; 539
551; 315; 211; 73; 538
552; 352; 188; 73; 537
553; 139; 175; 73; 536
554; 185; 208; 73; 535
555; 256; 219; 73; 529
556; 254; 219; 74; 555
557; 185; 210; 74; 554
558; 136; 175; 74; 553
559; 353; 190; 74; 552
560; 316; 213; 74; 551
561; 258; 225; 74; 550
562; 152; 203; 74; 549
563; 208; 214; 74; 548
564; 275; 213; 74; 547
565; 356; 181; 74; 545
566; 349; 186; 74; 531
567; 163; 124; 74; 515
568; 161; 125; 75; 567
569; 348; 187; 75; 566
570; 358; 181; 75; 565
571; 276; 215; 75; 564
572; 207; 216; 75; 563
573; 150; 204; 75; 562
574; 258; 227; 75; 561
575; 316; 214; 75; 560
576; 354; 192; 75; 559
577; 134; 176; 75; 558
578; 184; 211; 75; 557
579; 252; 219; 75; 556
580; 250; 220; 76; 579
581; 184; 213; 76; 578
582; 132; 176; 76; 577
583; 355; 194; 76; 576
584; 317; 216; 76; 575
585; 258; 229; 76; 574
586; 148; 205; 76; 573
587; 207; 218; 76; 572
588; 277; 216; 76; 571
589; 361; 181; 76; 570
590; 346; 188; 76; 569
591; 159; 126; 76; 568
592; 151; 201; 76; 562
593; 314; 213; 76; 560
594; 164; 120; 76; 534
595; 163; 118; 77; 594
596; 312; 213; 77; 593
597; 149; 200; 77; 592
598; 157; 126; 77; 591
599; 345; 189; 77; 590
600; 363; 180; 77; 589
601; 278; 218; 77; 588
602; 207; 220; 77; 587
603; 147; 207; 77; 586
604; 258; 231; 77; 585
605; 318; 218; 77; 584
606; 356; 196; 77; 583
607; 183; 215; 77; 581
608; 249; 221; 77; 580
609; 186; 212; 77; 578
610; 135; 175; 77; 577
611; 187; 212; 78; 609
612; 182; 217; 78; 607
613; 357; 198; 78; 606
614; 318; 220; 78; 605
615; 258; 233; 78; 604
616; 145; 208; 78; 603
617; 207; 222; 78; 602
618; 278; 220; 78; 601
619; 344; 190; 78; 599
620; 155; 127; 78; 598
621; 148; 198; 78; 597
622; 311; 214; 78; 596
623; 131; 176; 78; 577
624; 309; 214; 79; 622
625; 344; 192; 79; 619
626; 279; 222; 79; 618
627; 207; 224; 79; 617
628; 144; 210; 79; 616
629; 258; 235; 79; 615
630; 319; 222; 79; 614
631; 359; 199; 79; 613
632; 182; 219; 79; 612
633; 144; 206; 79; 603
634; 129; 178; 79; 582
635; 133; 178; 79; 577
636; 134; 173; 79; 558
637; 128; 180; 80; 634
638; 142; 206; 80; 633
639; 181; 221; 80; 632
640; 360; 201; 80; 631
641; 320; 224; 80; 630
642; 257; 237; 80; 629
643; 142; 212; 80; 628
644; 206; 226; 80; 627
645; 280; 224; 80; 626
646; 344; 194; 80; 625
647; 307; 215; 80; 624
648; 294; 87; 80; 477
649; 305; 215; 81; 647
650; 280; 226; 81; 645
651; 206; 228; 81; 644
652; 141; 214; 81; 643
653; 257; 239; 81; 642
654; 321; 226; 81; 641
655; 361; 203; 81; 640
656; 180; 223; 81; 639
657; 140; 205; 81; 638
658; 127; 181; 81; 637
659; 126; 183; 82; 658
660; 137; 206; 82; 657
661; 179; 225; 82; 656
662; 362; 205; 82; 655
663; 321; 228; 82; 654
664; 256; 241; 82; 653
665; 140; 216; 82; 652
666; 206; 230; 82; 651
667; 281; 228; 82; 650
668; 362; 200; 82; 640
669; 281; 230; 83; 667
670; 206; 232; 83; 666
671; 139; 217; 83; 665
672; 256; 242; 83; 664
673; 322; 230; 83; 663
674; 362; 207; 83; 662
675; 179; 227; 83; 661
676; 135; 206; 83; 660
677; 124; 185; 83; 659
678; 123; 187; 84; 677
679; 133; 207; 84; 676
680; 178; 229; 84; 675
681; 363; 209; 84; 674
682; 323; 232; 84; 673
683; 255; 244; 84; 672
684; 138; 219; 84; 671
685; 206; 234; 84; 670
686; 282; 232; 84; 669
687; 365; 200; 84; 668
688; 367; 181; 84; 600
689; 370; 182; 85; 688
690; 367; 199; 85; 687
691; 283; 234; 85; 686
692; 206; 236; 85; 685
693; 136; 221; 85; 684
694; 255; 246; 85; 683
695; 323; 234; 85; 682
696; 364; 211; 85; 681
697; 177; 231; 85; 680
698; 131; 208; 85; 679
699; 321; 231; 85; 673
700; 151; 128; 85; 620
701; 260; 233; 85; 615
702; 319; 231; 86; 699
703; 177; 233; 86; 697
704; 365; 213; 86; 696
705; 324; 236; 86; 695
706; 254; 248; 86; 694
707; 135; 223; 86; 693
708; 206; 238; 86; 692
709; 284; 235; 86; 691
710; 369; 198; 86; 690
711; 372; 182; 86; 689
712; 366; 209; 86; 681
713; 368; 209; 87; 712
714; 374; 181; 87; 711
715; 371; 198; 87; 710
716; 284; 237; 87; 709
717; 206; 240; 87; 708
718; 134; 225; 87; 707
719; 253; 250; 87; 706
720; 325; 238; 87; 705
721; 365; 215; 87; 704
722; 176; 235; 87; 703
723; 318; 233; 87; 702
724; 326; 233; 87; 695
725; 328; 232; 88; 724
726; 317; 234; 88; 723
727; 175; 237; 88; 722
728; 365; 217; 88; 721
729; 326; 240; 88; 720
730; 253; 252; 88; 719
731; 133; 226; 88; 718
732; 206; 242; 88; 717
733; 285; 239; 88; 716
734; 374; 197; 88; 715
735; 377; 180; 88; 714
736; 371; 209; 88; 713
737; 252; 248; 88; 706
738; 141; 152; 88; 546
739; 140; 151; 89; 738
740; 250; 248; 89; 737
741; 377; 178; 89; 735
742; 286; 241; 89; 733
743; 206; 244; 89; 732
744; 131; 228; 89; 731
745; 253; 254; 89; 730
746; 327; 241; 89; 729
747; 366; 219; 89; 728
748; 175; 239; 89; 727
749; 316; 236; 89; 726
750; 330; 233; 89; 725
751; 332; 234; 90; 750
752; 314; 237; 90; 749
753; 174; 241; 90; 748
754; 367; 221; 90; 747
755; 328; 243; 90; 746
756; 252; 256; 90; 745
757; 130; 230; 90; 744
758; 206; 246; 90; 743
759; 287; 243; 90; 742
760; 248; 247; 90; 740
761; 138; 149; 90; 739
762; 364; 217; 90; 728
763; 362; 217; 91; 762
764; 246; 247; 91; 760
765; 288; 245; 91; 759
766; 206; 248; 91; 758
767; 129; 232; 91; 757
768; 252; 258; 91; 756
769; 328; 245; 91; 755
770; 368; 223; 91; 754
771; 174; 243; 91; 753
772; 314; 239; 91; 752
773; 334; 234; 91; 751
774; 336; 234; 92; 773
775; 314; 241; 92; 772
776; 173; 245; 92; 771
777; 369; 224; 92; 770
778; 329; 247; 92; 769
779; 251; 260; 92; 768
780; 128; 234; 92; 767
781; 206; 250; 92; 766
782; 289; 247; 92; 765
783; 244; 247; 92; 764
784; 361; 218; 92; 763
785; 360; 220; 93; 784
786; 242; 247; 93; 783
787; 289; 248; 93; 782
788; 205; 252; 93; 781
789; 126; 235; 93; 780
790; 251; 262; 93; 779
791; 330; 249; 93; 778
792; 370; 226; 93; 777
793; 173; 247; 93; 776
794; 313; 242; 93; 775
795; 339; 235; 93; 774
796; 356; 164; 93; 437
797; 358; 163; 94; 796
798; 341; 234; 94; 795
799; 313; 244; 94; 794
800; 172; 249; 94; 793
801; 372; 228; 94; 792
802; 331; 251; 94; 791
803; 251; 264; 94; 790
804; 125; 237; 94; 789
805; 205; 254; 94; 788
806; 290; 250; 94; 787
807; 175; 245; 94; 776
808; 126; 231; 94; 767
809; 118; 188; 94; 678
810; 190; 93; 94; 202
811; 117; 190; 95; 809
812; 176; 245; 95; 807
813; 291; 252; 95; 806
814; 205; 256; 95; 805
815; 124; 239; 95; 804
816; 250; 266; 95; 803
817; 332; 253; 95; 802
818; 373; 230; 95; 801
819; 171; 251; 95; 800
820; 313; 246; 95; 799
821; 343; 234; 95; 798
822; 360; 162; 95; 797
823; 362; 161; 96; 822
824; 345; 234; 96; 821
825; 313; 248; 96; 820
826; 170; 252; 96; 819
827; 374; 231; 96; 818
828; 333; 254; 96; 817
829; 250; 268; 96; 816
830; 123; 241; 96; 815
831; 205; 258; 96; 814
832; 291; 254; 96; 813
833; 178; 246; 96; 812
834; 115; 192; 96; 811
835; 123; 236; 96; 804
836; 249; 263; 96; 803
837; 247; 263; 97; 836
838; 120; 236; 97; 835
839; 114; 194; 97; 834
840; 180; 246; 97; 833
841; 292; 256; 97; 832
842; 205; 260; 97; 831
843; 123; 243; 97; 830
844; 250; 270; 97; 829
845; 335; 256; 97; 828
846; 376; 233; 97; 827
847; 170; 254; 97; 826
848; 314; 250; 97; 825
849; 364; 160; 97; 823
850; 207; 254; 97; 805
851; 209; 255; 98; 850
852; 366; 159; 98; 849
853; 314; 252; 98; 848
854; 169; 256; 98; 847
855; 377; 235; 98; 846
856; 336; 258; 98; 845
857; 249; 272; 98; 844
858; 122; 245; 98; 843
859; 204; 262; 98; 842
860; 293; 258; 98; 841
861; 118; 236; 98; 838
862; 245; 264; 98; 837
863; 243; 265; 99; 862
864; 116; 236; 99; 861
865; 293; 260; 99; 860
866; 204; 264; 99; 859
867; 121; 247; 99; 858
868; 249; 274; 99; 857
869; 337; 260; 99; 856
870; 378; 237; 99; 855
871; 168; 258; 99; 854
872; 315; 254; 99; 853
873; 368; 158; 99; 852
874; 210; 256; 99; 851
875; 252; 268; 99; 829
876; 134; 148; 99; 761
877; 352; 131; 99; 453
878; 334; 111; 99; 276
879; 337; 111; 100; 878
880; 254; 269; 100; 875
881; 212; 256; 100; 874
882; 315; 256; 100; 872
883; 167; 260; 100; 871
884; 380; 238; 100; 870
885; 338; 262; 100; 869
886; 248; 276; 100; 868
887; 121; 249; 100; 867
888; 204; 266; 100; 866
889; 294; 262; 100; 865
890; 113; 236; 100; 864
891; 241; 265; 100; 863
892; 338; 257; 100; 856
893; 340; 256; 101; 892
894; 239; 266; 101; 891
895; 295; 264; 101; 889
896; 203; 268; 101; 888
897; 120; 251; 101; 887
898; 248; 278; 101; 886
899; 339; 263; 101; 885
900; 381; 240; 101; 884
901; 167; 262; 101; 883
902; 316; 258; 101; 882
903; 256; 270; 101; 880
904; 257; 271; 102; 903
905; 315; 260; 102; 902
906; 166; 264; 102; 901
907; 382; 242; 102; 900
908; 340; 265; 102; 899
909; 248; 279; 102; 898
910; 120; 253; 102; 897
911; 203; 270; 102; 896
912; 295; 266; 102; 895
913; 237; 267; 102; 894
914; 342; 255; 102; 893
915; 111; 237; 102; 890
916; 382; 237; 102; 884
917; 165; 259; 102; 883
918; 163; 259; 103; 917
919; 384; 237; 103; 916
920; 109; 239; 103; 915
921; 236; 268; 103; 913
922; 296; 268; 103; 912
923; 203; 272; 103; 911
924; 119; 255; 103; 910
925; 247; 281; 103; 909
926; 341; 267; 103; 908
927; 383; 244; 103; 907
928; 166; 266; 103; 906
929; 314; 262; 103; 905
930; 259; 272; 103; 904
931; 201; 268; 103; 896
932; 384; 182; 103; 735
933; 386; 183; 104; 932
934; 199; 269; 104; 931
935; 260; 273; 104; 930
936; 313; 263; 104; 929
937; 165; 268; 104; 928
938; 384; 246; 104; 927
939; 342; 269; 104; 926
940; 246; 283; 104; 925
941; 119; 257; 104; 924
942; 203; 274; 104; 923
943; 296; 270; 104; 922
944; 235; 270; 104; 921
945; 108; 240; 104; 920
946; 386; 236; 104; 919
947; 161; 259; 104; 918
948; 159; 258; 105; 947
949; 388; 235; 105; 946
950; 234; 272; 105; 944
951; 297; 272; 105; 943
952; 203; 276; 105; 942
953; 118; 259; 105; 941
954; 246; 285; 105; 940
955; 342; 271; 105; 939
956; 385; 248; 105; 938
957; 165; 270; 105; 937
958; 312; 265; 105; 936
959; 262; 275; 105; 935
960; 197; 269; 105; 934
961; 342; 269; 105; 926
962; 195; 270; 106; 960
963; 263; 276; 106; 959
964; 165; 272; 106; 957
965; 386; 249; 106; 956
966; 343; 273; 106; 955
967; 245; 287; 106; 954
968; 118; 261; 106; 953
969; 203; 278; 106; 952
970; 298; 274; 106; 951
971; 233; 274; 106; 950
972; 156; 257; 106; 948
973; 340; 270; 106; 939
974; 387; 245; 106; 938
975; 343; 267; 106; 926
976; 339; 266; 106; 908
977; 340; 111; 106; 879
978; 354; 129; 106; 877
979; 384; 176; 106; 741
980; 384; 174; 107; 979
981; 354; 127; 107; 978
982; 337; 267; 107; 976
983; 346; 267; 107; 975
984; 339; 270; 107; 973
985; 154; 257; 107; 972
986; 233; 276; 107; 971
987; 298; 275; 107; 970
988; 203; 280; 107; 969
989; 117; 263; 107; 968
990; 245; 289; 107; 967
991; 344; 275; 107; 966
992; 387; 251; 107; 965
993; 164; 274; 107; 964
994; 264; 278; 107; 963
995; 193; 271; 107; 962
996; 119; 259; 107; 953
997; 121; 259; 108; 996
998; 191; 271; 108; 995
999; 265; 280; 108; 994
1000; 164; 276; 108; 993
1001; 388; 253; 108; 992
1002; 345; 277; 108; 991
1003; 244; 291; 108; 990
1004; 116; 265; 108; 989
1005; 203; 282; 108; 988
1006; 299; 277; 108; 987
1007; 232; 278; 108; 986
1008; 152; 256; 108; 985
1009; 337; 272; 108; 984
1010; 348; 267; 108; 983
1011; 336; 267; 108; 982
1012; 354; 125; 108; 981
1013; 166; 272; 108; 964
1014; 391; 235; 108; 949
1015; 394; 236; 109; 1014
1016; 350; 267; 109; 1010
1017; 336; 273; 109; 1009
1018; 150; 255; 109; 1008
1019; 230; 279; 109; 1007
1020; 300; 279; 109; 1006
1021; 202; 284; 109; 1005
1022; 116; 267; 109; 1004
1023; 244; 293; 109; 1003
1024; 346; 279; 109; 1002
1025; 389; 255; 109; 1001
1026; 163; 278; 109; 1000
1027; 266; 281; 109; 999
1028; 189; 271; 109; 998
1029; 123; 259; 109; 997
1030; 104; 241; 109; 945
1031; 102; 242; 110; 1030
1032; 124; 259; 110; 1029
1033; 187; 272; 110; 1028
1034; 267; 283; 110; 1027
1035; 162; 280; 110; 1026
1036; 390; 257; 110; 1025
1037; 347; 281; 110; 1024
1038; 244; 295; 110; 1023
1039; 115; 269; 110; 1022
1040; 202; 286; 110; 1021
1041; 301; 281; 110; 1020
1042; 229; 281; 110; 1019
1043; 335; 275; 110; 1017
1044; 352; 267; 110; 1016
1045; 396; 236; 110; 1015
1046; 387; 254; 110; 1001
1047; 385; 254; 111; 1046
1048; 355; 268; 111; 1044
1049; 334; 277; 111; 1043
1050; 228; 282; 111; 1042
1051; 301; 283; 111; 1041
1052; 202; 288; 111; 1040
1053; 115; 271; 111; 1039
1054; 243; 297; 111; 1038
1055; 347; 283; 111; 1037
1056; 391; 259; 111; 1036
1057; 162; 282; 111; 1035
1058; 268; 285; 111; 1034
1059; 126; 259; 111; 1032
1060; 100; 243; 111; 1031
1061; 113; 267; 111; 1022
1062; 358; 131; 111; 877
1063; 173; 100; 111; 418
1064; 170; 100; 112; 1063
1065; 360; 132; 112; 1062
1066; 268; 287; 112; 1058
1067; 161; 284; 112; 1057
1068; 392; 261; 112; 1056
1069; 348; 284; 112; 1055
1070; 243; 299; 112; 1054
1071; 114; 273; 112; 1053
1072; 202; 290; 112; 1052
1073; 302; 285; 112; 1051
1074; 227; 284; 112; 1050
1075; 333; 278; 112; 1049
1076; 357; 269; 112; 1048
1077; 383; 255; 112; 1047
1078; 398; 238; 112; 1045
1079; 160; 279; 112; 1035
1080; 335; 107; 112; 293
1081; 334; 105; 113; 1080
1082; 158; 279; 113; 1079
1083; 400; 239; 113; 1078
1084; 382; 255; 113; 1077
1085; 359; 269; 113; 1076
1086; 333; 280; 113; 1075
1087; 226; 286; 113; 1074
1088; 303; 287; 113; 1073
1089; 201; 292; 113; 1072
1090; 114; 275; 113; 1071
1091; 243; 301; 113; 1070
1092; 349; 286; 113; 1069
1093; 392; 263; 113; 1068
1094; 160; 286; 113; 1067
1095; 269; 289; 113; 1066
1096; 362; 133; 113; 1065
1097; 163; 282; 113; 1057
1098; 165; 283; 114; 1097
1099; 269; 291; 114; 1095
1100; 160; 288; 114; 1094
1101; 393; 265; 114; 1093
1102; 350; 288; 114; 1092
1103; 243; 303; 114; 1091
1104; 114; 277; 114; 1090
1105; 200; 294; 114; 1089
1106; 303; 289; 114; 1088
1107; 226; 288; 114; 1087
1108; 332; 282; 114; 1086
1109; 361; 270; 114; 1085
1110; 380; 255; 114; 1084
1111; 402; 241; 114; 1083
1112; 156; 278; 114; 1082
1113; 333; 103; 114; 1081
1114; 203; 288; 114; 1052
1115; 403; 242; 115; 1111
1116; 379; 255; 115; 1110
1117; 363; 272; 115; 1109
1118; 332; 284; 115; 1108
1119; 224; 290; 115; 1107
1120; 304; 291; 115; 1106
1121; 199; 296; 115; 1105
1122; 113; 279; 115; 1104
1123; 243; 305; 115; 1103
1124; 351; 290; 115; 1102
1125; 394; 267; 115; 1101
1126; 159; 290; 115; 1100
1127; 269; 293; 115; 1099
1128; 166; 284; 115; 1098
1129; 241; 301; 115; 1091
1130; 239; 300; 116; 1129
1131; 270; 295; 116; 1127
1132; 158; 292; 116; 1126
1133; 394; 269; 116; 1125
1134; 351; 292; 116; 1124
1135; 243; 307; 116; 1123
1136; 113; 281; 116; 1122
1137; 199; 298; 116; 1121
1138; 305; 293; 116; 1120
1139; 223; 291; 116; 1119
1140; 332; 286; 116; 1118
1141; 364; 273; 116; 1117
1142; 199; 290; 116; 1072
1143; 197; 289; 117; 1142
1144; 366; 275; 117; 1141
1145; 332; 288; 117; 1140
1146; 222; 293; 117; 1139
1147; 305; 295; 117; 1138
1148; 198; 300; 117; 1137
1149; 113; 283; 117; 1136
1150; 243; 309; 117; 1135
1151; 352; 294; 117; 1134
1152; 394; 271; 117; 1133
1153; 158; 294; 117; 1132
1154; 270; 297; 117; 1131
1155; 237; 301; 117; 1130
1156; 396; 265; 117; 1101
1157; 365; 134; 117; 1096
1158; 400; 235; 117; 1045
1159; 106; 234; 117; 890
1160; 104; 233; 118; 1159
1161; 401; 233; 118; 1158
1162; 367; 135; 118; 1157
1163; 398; 264; 118; 1156
1164; 236; 302; 118; 1155
1165; 269; 299; 118; 1154
1166; 157; 295; 118; 1153
1167; 395; 273; 118; 1152
1168; 353; 296; 118; 1151
1169; 243; 311; 118; 1150
1170; 112; 285; 118; 1149
1171; 197; 302; 118; 1148
1172; 306; 297; 118; 1147
1173; 221; 295; 118; 1146
1174; 333; 290; 118; 1145
1175; 366; 277; 118; 1144
1176; 368; 278; 119; 1175
1177; 333; 292; 119; 1174
1178; 306; 299; 119; 1172
1179; 197; 304; 119; 1171
1180; 112; 287; 119; 1170
1181; 243; 313; 119; 1169
1182; 353; 298; 119; 1168
1183; 395; 275; 119; 1167
1184; 156; 297; 119; 1166
1185; 269; 301; 119; 1165
1186; 234; 304; 119; 1164
1187; 401; 264; 119; 1163
1188; 403; 232; 119; 1161
1189; 103; 231; 119; 1160
1190; 114; 283; 119; 1149
1191; 116; 283; 120; 1190
1192; 101; 229; 120; 1189
1193; 403; 264; 120; 1187
1194; 233; 305; 120; 1186
1195; 269; 303; 120; 1185
1196; 156; 299; 120; 1184
1197; 396; 277; 120; 1183
1198; 354; 300; 120; 1182
1199; 243; 315; 120; 1181
1200; 112; 289; 120; 1180
1201; 196; 306; 120; 1179
1202; 307; 301; 120; 1178
1203; 333; 294; 120; 1177
1204; 368; 280; 120; 1176
1205; 369; 282; 121; 1204
1206; 333; 296; 121; 1203
1207; 307; 302; 121; 1202
1208; 196; 308; 121; 1201
1209; 111; 291; 121; 1200
1210; 243; 317; 121; 1199
1211; 354; 302; 121; 1198
1212; 397; 279; 121; 1197
1213; 155; 301; 121; 1196
1214; 269; 305; 121; 1195
1215; 231; 306; 121; 1194
1216; 405; 263; 121; 1193
1217; 99; 228; 121; 1192
1218; 117; 283; 121; 1191
1219; 158; 298; 121; 1184
1220; 394; 275; 121; 1183
1221; 94; 242; 121; 1060
1222; 393; 184; 121; 933
1223; 395; 185; 122; 1222
1224; 93; 240; 122; 1221
1225; 160; 298; 122; 1219
1226; 119; 283; 122; 1218
1227; 97; 227; 122; 1217
1228; 230; 308; 122; 1215
1229; 269; 307; 122; 1214
1230; 154; 303; 122; 1213
1231; 398; 281; 122; 1212
1232; 355; 304; 122; 1211
1233; 243; 319; 122; 1210
1234; 111; 293; 122; 1209
1235; 195; 310; 122; 1208
1236; 308; 304; 122; 1207
1237; 333; 298; 122; 1206
1238; 370; 284; 122; 1205
1239; 109; 289; 122; 1200
1240; 106; 289; 123; 1239
1241; 372; 285; 123; 1238
1242; 334; 300; 123; 1237
1243; 309; 306; 123; 1236
1244; 195; 312; 123; 1235
1245; 110; 295; 123; 1234
1246; 243; 321; 123; 1233
1247; 355; 306; 123; 1232
1248; 400; 282; 123; 1231
1249; 153; 305; 123; 1230
1250; 269; 309; 123; 1229
1251; 230; 310; 123; 1228
1252; 95; 226; 123; 1227
1253; 120; 284; 123; 1226
1254; 161; 299; 123; 1225
1255; 196; 306; 123; 1208
1256; 390; 173; 123; 980
1257; 162; 301; 124; 1254
1258; 122; 285; 124; 1253
1259; 94; 224; 124; 1252
1260; 228; 311; 124; 1251
1261; 269; 311; 124; 1250
1262; 153; 307; 124; 1249
1263; 402; 283; 124; 1248
1264; 356; 308; 124; 1247
1265; 244; 323; 124; 1246
1266; 110; 297; 124; 1245
1267; 194; 313; 124; 1244
1268; 309; 308; 124; 1243
1269; 334; 302; 124; 1242
1270; 374; 287; 124; 1241
1271; 104; 289; 124; 1240
1272; 193; 309; 124; 1235
1273; 152; 303; 124; 1230
1274; 408; 263; 124; 1216
1275; 196; 306; 124; 1208
1276; 124; 147; 124; 876
1277; 102; 192; 124; 839
1278; 150; 302; 125; 1273
1279; 191; 308; 125; 1272
1280; 102; 289; 125; 1271
1281; 375; 288; 125; 1270
1282; 334; 304; 125; 1269
1283; 310; 310; 125; 1268
1284; 193; 315; 125; 1267
1285; 110; 299; 125; 1266
1286; 244; 325; 125; 1265
1287; 356; 310; 125; 1264
1288; 404; 284; 125; 1263
1289; 152; 309; 125; 1262
1290; 269; 313; 125; 1261
1291; 226; 312; 125; 1260
1292; 92; 223; 125; 1259
1293; 123; 285; 125; 1258
1294; 164; 302; 125; 1257
1295; 267; 309; 125; 1250
1296; 265; 310; 126; 1295
1297; 164; 304; 126; 1294
1298; 125; 284; 126; 1293
1299; 224; 312; 126; 1291
1300; 270; 315; 126; 1290
1301; 151; 311; 126; 1289
1302; 406; 286; 126; 1288
1303; 357; 312; 126; 1287
1304; 244; 327; 126; 1286
1305; 110; 301; 126; 1285
1306; 193; 317; 126; 1284
1307; 310; 312; 126; 1283
1308; 335; 306; 126; 1282
1309; 377; 290; 126; 1281
1310; 99; 289; 126; 1280
1311; 189; 308; 126; 1279
1312; 408; 232; 126; 1188
1313; 97; 289; 127; 1310
1314; 378; 292; 127; 1309
1315; 335; 308; 127; 1308
1316; 311; 314; 127; 1307
1317; 192; 319; 127; 1306
1318; 110; 303; 127; 1305
1319; 244; 329; 127; 1304
1320; 358; 314; 127; 1303
1321; 407; 287; 127; 1302
1322; 150; 313; 127; 1301
1323; 271; 316; 127; 1300
1324; 222; 313; 127; 1299
1325; 126; 283; 127; 1298
1326; 166; 305; 127; 1297
1327; 91; 243; 127; 1221
1328; 378; 156; 127; 873
1329; 379; 154; 128; 1328
1330; 90; 245; 128; 1327
1331; 168; 306; 128; 1326
1332; 128; 282; 128; 1325
1333; 220; 313; 128; 1324
1334; 271; 318; 128; 1323
1335; 150; 315; 128; 1322
1336; 408; 289; 128; 1321
1337; 359; 316; 128; 1320
1338; 244; 331; 128; 1319
1339; 110; 305; 128; 1318
1340; 191; 321; 128; 1317
1341; 312; 316; 128; 1316
1342; 335; 310; 128; 1315
1343; 379; 293; 128; 1314
1344; 95; 290; 128; 1313
1345; 408; 285; 128; 1302
1346; 411; 284; 129; 1345
1347; 93; 291; 129; 1344
1348; 380; 295; 129; 1343
1349; 335; 312; 129; 1342
1350; 312; 318; 129; 1341
1351; 190; 323; 129; 1340
1352; 110; 307; 129; 1339
1353; 244; 333; 129; 1338
1354; 360; 317; 129; 1337
1355; 409; 291; 129; 1336
1356; 149; 317; 129; 1335
1357; 272; 320; 129; 1334
1358; 218; 314; 129; 1333
1359; 169; 307; 129; 1331
1360; 88; 247; 129; 1330
1361; 148; 313; 129; 1322
1362; 412; 262; 129; 1274
1363; 415; 262; 130; 1362
1364; 146; 312; 130; 1361
1365; 87; 248; 130; 1360
1366; 218; 316; 130; 1358
1367; 273; 322; 130; 1357
1368; 149; 319; 130; 1356
1369; 410; 293; 130; 1355
1370; 361; 319; 130; 1354
1371; 244; 335; 130; 1353
1372; 110; 309; 130; 1352
1373; 189; 325; 130; 1351
1374; 313; 320; 130; 1350
1375; 335; 314; 130; 1349
1376; 381; 297; 130; 1348
1377; 91; 292; 130; 1347
1378; 399; 187; 130; 1223
1379; 401; 188; 131; 1378
1380; 89; 294; 131; 1377
1381; 382; 299; 131; 1376
1382; 335; 316; 131; 1375
1383; 313; 322; 131; 1374
1384; 188; 326; 131; 1373
1385; 109; 311; 131; 1372
1386; 244; 337; 131; 1371
1387; 362; 321; 131; 1370
1388; 410; 295; 131; 1369
1389; 148; 321; 131; 1368
1390; 274; 324; 131; 1367
1391; 217; 318; 131; 1366
1392; 85; 250; 131; 1365
1393; 143; 313; 131; 1364
1394; 151; 317; 131; 1356
1395; 246; 333; 131; 1353
1396; 111; 306; 131; 1352
1397; 311; 319; 131; 1350
1398; 309; 319; 132; 1397
1399; 113; 306; 132; 1396
1400; 248; 333; 132; 1395
1401; 153; 317; 132; 1394
1402; 142; 314; 132; 1393
1403; 84; 252; 132; 1392
1404; 217; 320; 132; 1391
1405; 274; 326; 132; 1390
1406; 148; 323; 132; 1389
1407; 411; 297; 132; 1388
1408; 363; 323; 132; 1387
1409; 244; 339; 132; 1386
1410; 109; 313; 132; 1385
1411; 187; 328; 132; 1384
1412; 314; 324; 132; 1383
1413; 336; 318; 132; 1382
1414; 383; 301; 132; 1381
1415; 88; 296; 132; 1380
1416; 402; 190; 132; 1379
1417; 315; 320; 132; 1374
1418; 403; 192; 133; 1416
1419; 88; 298; 133; 1415
1420; 384; 303; 133; 1414
1421; 337; 319; 133; 1413
1422; 314; 326; 133; 1412
1423; 186; 330; 133; 1411
1424; 109; 315; 133; 1410
1425; 244; 341; 133; 1409
1426; 365; 324; 133; 1408
1427; 411; 299; 133; 1407
1428; 148; 325; 133; 1406
1429; 274; 328; 133; 1405
1430; 217; 322; 133; 1404
1431; 83; 254; 133; 1403
1432; 140; 314; 133; 1402
1433; 250; 332; 133; 1400
1434; 115; 306; 133; 1399
1435; 307; 320; 133; 1398
1436; 305; 320; 134; 1435
1437; 117; 306; 134; 1434
1438; 138; 316; 134; 1432
1439; 82; 255; 134; 1431
1440; 217; 324; 134; 1430
1441; 275; 330; 134; 1429
1442; 148; 327; 134; 1428
1443; 411; 301; 134; 1427
1444; 366; 326; 134; 1426
1445; 244; 343; 134; 1425
1446; 108; 317; 134; 1424
1447; 186; 332; 134; 1423
1448; 315; 328; 134; 1422
1449; 337; 321; 134; 1421
1450; 384; 305; 134; 1420
1451; 87; 299; 134; 1419
1452; 404; 194; 134; 1418
1453; 405; 195; 135; 1452
1454; 86; 301; 135; 1451
1455; 385; 307; 135; 1450
1456; 338; 323; 135; 1449
1457; 315; 330; 135; 1448
1458; 185; 334; 135; 1447
1459; 108; 319; 135; 1446
1460; 243; 345; 135; 1445
1461; 367; 328; 135; 1444
1462; 412; 303; 135; 1443
1463; 148; 329; 135; 1442
1464; 275; 332; 135; 1441
1465; 137; 317; 135; 1438
1466; 119; 307; 135; 1437
1467; 303; 321; 135; 1436
1468; 120; 308; 136; 1466
1469; 135; 319; 136; 1465
1470; 275; 334; 136; 1464
1471; 148; 331; 136; 1463
1472; 412; 305; 136; 1462
1473; 368; 330; 136; 1461
1474; 243; 347; 136; 1460
1475; 108; 321; 136; 1459
1476; 185; 336; 136; 1458
1477; 316; 332; 136; 1457
1478; 339; 325; 136; 1456
1479; 385; 309; 136; 1455
1480; 85; 303; 136; 1454
1481; 406; 197; 136; 1453
1482; 84; 305; 137; 1480
1483; 386; 310; 137; 1479
1484; 340; 326; 137; 1478
1485; 316; 334; 137; 1477
1486; 184; 338; 137; 1476
1487; 107; 322; 137; 1475
1488; 243; 349; 137; 1474
1489; 369; 331; 137; 1473
1490; 412; 307; 137; 1472
1491; 148; 333; 137; 1471
1492; 276; 336; 137; 1470
1493; 134; 320; 137; 1469
1494; 133; 322; 138; 1493
1495; 276; 338; 138; 1492
1496; 148; 335; 138; 1491
1497; 412; 309; 138; 1490
1498; 370; 333; 138; 1489
1499; 244; 351; 138; 1488
1500; 107; 324; 138; 1487
1501; 184; 340; 138; 1486
1502; 317; 335; 138; 1485
1503; 340; 328; 138; 1484
1504; 387; 312; 138; 1483
1505; 241; 347; 138; 1474
1506; 239; 347; 139; 1505
1507; 388; 314; 139; 1504
1508; 340; 330; 139; 1503
1509; 318; 337; 139; 1502
1510; 183; 342; 139; 1501
1511; 106; 326; 139; 1500
1512; 244; 353; 139; 1499
1513; 371; 335; 139; 1498
1514; 412; 311; 139; 1497
1515; 148; 337; 139; 1496
1516; 276; 340; 139; 1495
1517; 133; 324; 139; 1494
1518; 150; 333; 139; 1491
1519; 182; 337; 139; 1486
1520; 217; 326; 139; 1440
1521; 217; 328; 140; 1520
1522; 180; 337; 140; 1519
1523; 132; 326; 140; 1517
1524; 277; 342; 140; 1516
1525; 147; 339; 140; 1515
1526; 412; 313; 140; 1514
1527; 372; 336; 140; 1513
1528; 244; 355; 140; 1512
1529; 106; 328; 140; 1511
1530; 183; 344; 140; 1510
1531; 318; 339; 140; 1509
1532; 340; 332; 140; 1508
1533; 389; 316; 140; 1507
1534; 237; 347; 140; 1506
1535; 236; 348; 141; 1534
1536; 390; 317; 141; 1533
1537; 339; 334; 141; 1532
1538; 319; 341; 141; 1531
1539; 183; 346; 141; 1530
1540; 105; 330; 141; 1529
1541; 245; 357; 141; 1528
1542; 373; 338; 141; 1527
1543; 412; 315; 141; 1526
1544; 147; 341; 141; 1525
1545; 277; 344; 141; 1524
1546; 131; 328; 141; 1523
1547; 178; 338; 141; 1522
1548; 218; 330; 141; 1521
1549; 218; 332; 142; 1548
1550; 176; 338; 142; 1547
1551; 131; 330; 142; 1546
1552; 278; 346; 142; 1545
1553; 147; 343; 142; 1544
1554; 412; 317; 142; 1543
1555; 374; 340; 142; 1542
1556; 245; 359; 142; 1541
1557; 105; 332; 142; 1540
1558; 183; 348; 142; 1539
1559; 319; 343; 142; 1538
1560; 339; 336; 142; 1537
1561; 391; 319; 142; 1536
1562; 234; 349; 142; 1535
1563; 104; 328; 142; 1529
1564; 102; 328; 143; 1563
1565; 232; 350; 143; 1562
1566; 392; 321; 143; 1561
1567; 339; 338; 143; 1560
1568; 319; 345; 143; 1559
1569; 182; 350; 143; 1558
1570; 105; 334; 143; 1557
1571; 246; 360; 143; 1556
1572; 374; 342; 143; 1555
1573; 412; 319; 143; 1554
1574; 147; 345; 143; 1553
1575; 278; 348; 143; 1552
1576; 130; 331; 143; 1551
1577; 174; 338; 143; 1550
1578; 219; 334; 143; 1549
1579; 219; 336; 144; 1578
1580; 172; 339; 144; 1577
1581; 130; 333; 144; 1576
1582; 278; 349; 144; 1575
1583; 147; 347; 144; 1574
1584; 412; 321; 144; 1573
1585; 375; 344; 144; 1572
1586; 247; 362; 144; 1571
1587; 106; 336; 144; 1570
1588; 182; 352; 144; 1569
1589; 320; 347; 144; 1568
1590; 339; 340; 144; 1567
1591; 392; 323; 144; 1566
1592; 231; 352; 144; 1565
1593; 100; 329; 144; 1564
1594; 98; 330; 145; 1593
1595; 230; 353; 145; 1592
1596; 393; 325; 145; 1591
1597; 339; 342; 145; 1590
1598; 320; 349; 145; 1589
1599; 182; 354; 145; 1588
1600; 106; 338; 145; 1587
1601; 247; 364; 145; 1586
1602; 376; 346; 145; 1585
1603; 413; 323; 145; 1584
1604; 147; 349; 145; 1583
1605; 279; 351; 145; 1582
1606; 129; 335; 145; 1581
1607; 171; 340; 145; 1580
1608; 169; 341; 146; 1607
1609; 129; 337; 146; 1606
1610; 279; 353; 146; 1605
1611; 146; 351; 146; 1604
1612; 412; 325; 146; 1603
1613; 377; 347; 146; 1602
1614; 248; 366; 146; 1601
1615; 107; 340; 146; 1600
1616; 182; 356; 146; 1599
1617; 320; 351; 146; 1598
1618; 339; 344; 146; 1597
1619; 393; 327; 146; 1596
1620; 228; 355; 146; 1595
1621; 96; 330; 146; 1594
1622; 95; 331; 147; 1621
1623; 227; 357; 147; 1620
1624; 394; 329; 147; 1619
1625; 339; 346; 147; 1618
1626; 321; 353; 147; 1617
1627; 181; 358; 147; 1616
1628; 107; 342; 147; 1615
1629; 249; 368; 147; 1614
1630; 377; 349; 147; 1613
1631; 412; 327; 147; 1612
1632; 146; 353; 147; 1611
1633; 280; 355; 147; 1610
1634; 128; 339; 147; 1609
1635; 167; 342; 147; 1608
1636; 277; 352; 147; 1605
1637; 219; 338; 147; 1579
1638; 275; 352; 148; 1636
1639; 127; 341; 148; 1634
1640; 281; 357; 148; 1633
1641; 145; 354; 148; 1632
1642; 412; 329; 148; 1631
1643; 377; 351; 148; 1630
1644; 250; 370; 148; 1629
1645; 108; 344; 148; 1628
1646; 181; 359; 148; 1627
1647; 321; 355; 148; 1626
1648; 340; 348; 148; 1625
1649; 394; 331; 148; 1624
1650; 227; 359; 148; 1623
1651; 93; 332; 148; 1622
1652; 226; 360; 149; 1650
1653; 394; 333; 149; 1649
1654; 340; 350; 149; 1648
1655; 321; 357; 149; 1647
1656; 180; 361; 149; 1646
1657; 108; 346; 149; 1645
1658; 251; 372; 149; 1644
1659; 378; 353; 149; 1643
1660; 412; 331; 149; 1642
1661; 145; 356; 149; 1641
1662; 281; 359; 149; 1640
1663; 127; 343; 149; 1639
1664; 251; 367; 149; 1629
1665; 179; 357; 149; 1627
1666; 177; 357; 150; 1665
1667; 253; 366; 150; 1664
1668; 127; 345; 150; 1663
1669; 282; 361; 150; 1662
1670; 145; 358; 150; 1661
1671; 412; 333; 150; 1660
1672; 378; 355; 150; 1659
1673; 251; 373; 150; 1658
1674; 109; 348; 150; 1657
1675; 180; 363; 150; 1656
1676; 322; 359; 150; 1655
1677; 341; 352; 150; 1654
1678; 394; 335; 150; 1653
1679; 225; 362; 150; 1652
1680; 319; 355; 150; 1647
1681; 317; 356; 151; 1680
1682; 224; 364; 151; 1679
1683; 394; 337; 151; 1678
1684; 341; 354; 151; 1677
1685; 322; 361; 151; 1676
1686; 180; 365; 151; 1675
1687; 109; 350; 151; 1674
1688; 252; 375; 151; 1673
1689; 379; 357; 151; 1672
1690; 144; 360; 151; 1670
1691; 282; 363; 151; 1669
1692; 126; 347; 151; 1668
1693; 254; 365; 151; 1667
1694; 126; 349; 152; 1692
1695; 283; 365; 152; 1691
1696; 143; 362; 152; 1690
1697; 380; 359; 152; 1689
1698; 252; 377; 152; 1688
1699; 108; 352; 152; 1687
1700; 180; 367; 152; 1686
1701; 323; 363; 152; 1685
1702; 342; 356; 152; 1684
1703; 394; 339; 152; 1683
1704; 223; 366; 152; 1682
1705; 315; 356; 152; 1681
1706; 147; 357; 152; 1661
1707; 149; 358; 153; 1706
1708; 313; 357; 153; 1705
1709; 223; 368; 153; 1704
1710; 342; 358; 153; 1702
1711; 323; 365; 153; 1701
1712; 179; 369; 153; 1700
1713; 108; 354; 153; 1699
1714; 253; 379; 153; 1698
1715; 380; 361; 153; 1697
1716; 143; 364; 153; 1696
1717; 284; 367; 153; 1695
1718; 377; 358; 153; 1689
1719; 375; 359; 154; 1718
1720; 284; 369; 154; 1717
1721; 142; 366; 154; 1716
1722; 381; 363; 154; 1715
1723; 253; 381; 154; 1714
1724; 108; 356; 154; 1713
1725; 179; 371; 154; 1712
1726; 323; 367; 154; 1711
1727; 343; 360; 154; 1710
1728; 222; 370; 154; 1709
1729; 221; 365; 154; 1704
1730; 254; 377; 154; 1698
1731; 256; 376; 155; 1730
1732; 220; 364; 155; 1729
1733; 222; 372; 155; 1728
1734; 343; 362; 155; 1727
1735; 323; 369; 155; 1726
1736; 179; 373; 155; 1725
1737; 108; 358; 155; 1724
1738; 254; 383; 155; 1723
1739; 382; 365; 155; 1722
1740; 142; 368; 155; 1721
1741; 285; 370; 155; 1720
1742; 373; 359; 155; 1719
1743; 371; 360; 156; 1742
1744; 286; 372; 156; 1741
1745; 141; 370; 156; 1740
1746; 382; 367; 156; 1739
1747; 254; 385; 156; 1738
1748; 108; 360; 156; 1737
1749; 179; 375; 156; 1736
1750; 323; 371; 156; 1735
1751; 344; 363; 156; 1734
1752; 222; 373; 156; 1733
1753; 218; 364; 156; 1732
1754; 383; 362; 156; 1722
1755; 385; 362; 157; 1754
1756; 221; 375; 157; 1752
1757; 344; 365; 157; 1751
1758; 323; 373; 157; 1750
1759; 178; 377; 157; 1749
1760; 108; 362; 157; 1748
1761; 254; 387; 157; 1747
1762; 383; 369; 157; 1746
1763; 141; 372; 157; 1745
1764; 286; 374; 157; 1744
1765; 370; 360; 157; 1743
1766; 321; 369; 157; 1735
1767; 320; 370; 158; 1766
1768; 368; 361; 158; 1765
1769; 287; 376; 158; 1764
1770; 140; 374; 158; 1763
1771; 383; 371; 158; 1762
1772; 254; 389; 158; 1761
1773; 108; 364; 158; 1760
1774; 178; 379; 158; 1759
1775; 324; 375; 158; 1758
1776; 344; 367; 158; 1757
1777; 221; 377; 158; 1756
1778; 387; 362; 158; 1755
1779; 256; 385; 158; 1747
1780; 389; 363; 159; 1778
1781; 220; 379; 159; 1777
1782; 345; 369; 159; 1776
1783; 324; 377; 159; 1775
1784; 178; 381; 159; 1774
1785; 108; 366; 159; 1773
1786; 254; 391; 159; 1772
1787; 383; 373; 159; 1771
1788; 140; 376; 159; 1770
1789; 287; 378; 159; 1769
1790; 318; 371; 159; 1767
1791; 316; 373; 160; 1790
1792; 288; 380; 160; 1789
1793; 139; 378; 160; 1788
1794; 383; 375; 160; 1787
1795; 253; 393; 160; 1786
1796; 108; 368; 160; 1785
1797; 178; 383; 160; 1784
1798; 324; 379; 160; 1783
1799; 345; 371; 160; 1782
1800; 220; 381; 160; 1781
1801; 391; 363; 160; 1780
1802; 393; 364; 161; 1801
1803; 219; 383; 161; 1800
1804; 345; 373; 161; 1799
1805; 324; 381; 161; 1798
1806; 177; 385; 161; 1797
1807; 108; 370; 161; 1796
1808; 254; 395; 161; 1795
1809; 383; 377; 161; 1794
1810; 139; 380; 161; 1793
1811; 289; 382; 161; 1792
1812; 315; 374; 161; 1791
1813; 381; 373; 161; 1787
1814; 289; 384; 162; 1811
1815; 139; 382; 162; 1810
1816; 383; 379; 162; 1809
1817; 254; 397; 162; 1808
1818; 108; 372; 162; 1807
1819; 177; 387; 162; 1806
1820; 324; 383; 162; 1805
1821; 346; 375; 162; 1804
1822; 219; 385; 162; 1803
1823; 394; 366; 162; 1802
1824; 396; 367; 163; 1823
1825; 218; 387; 163; 1822
1826; 346; 377; 163; 1821
1827; 324; 385; 163; 1820
1828; 177; 389; 163; 1819
1829; 108; 374; 163; 1818
1830; 254; 399; 163; 1817
1831; 383; 381; 163; 1816
1832; 139; 384; 163; 1815
1833; 290; 386; 163; 1814
1834; 290; 388; 164; 1833
1835; 139; 386; 164; 1832
1836; 383; 382; 164; 1831
1837; 255; 401; 164; 1830
1838; 109; 376; 164; 1829
1839; 177; 391; 164; 1828
1840; 324; 387; 164; 1827
1841; 347; 379; 164; 1826
1842; 218; 389; 164; 1825
1843; 397; 369; 164; 1824
1844; 291; 384; 164; 1814
1845; 293; 384; 165; 1844
1846; 398; 370; 165; 1843
1847; 217; 391; 165; 1842
1848; 347; 381; 165; 1841
1849; 324; 389; 165; 1840
1850; 177; 393; 165; 1839
1851; 109; 378; 165; 1838
1852; 255; 403; 165; 1837
1853; 382; 384; 165; 1836
1854; 138; 388; 165; 1835
1855; 290; 390; 165; 1834
1856; 175; 389; 165; 1828
1857; 173; 389; 166; 1856
1858; 290; 392; 166; 1855
1859; 138; 390; 166; 1854
1860; 382; 386; 166; 1853
1861; 255; 405; 166; 1852
1862; 108; 380; 166; 1851
1863; 177; 395; 166; 1850
1864; 325; 391; 166; 1849
1865; 347; 383; 166; 1848
1866; 217; 393; 166; 1847
1867; 398; 372; 166; 1846
1868; 295; 384; 166; 1845
1869; 256; 401; 166; 1837
1870; 141; 386; 166; 1835
1871; 142; 386; 167; 1870
1872; 258; 401; 167; 1869
1873; 216; 395; 167; 1866
1874; 348; 385; 167; 1865
1875; 325; 393; 167; 1864
1876; 177; 397; 167; 1863
1877; 109; 382; 167; 1862
1878; 255; 407; 167; 1861
1879; 381; 388; 167; 1860
1880; 138; 391; 167; 1859
1881; 291; 394; 167; 1858
1882; 171; 389; 167; 1857
1883; 288; 390; 167; 1855
1884; 137; 386; 167; 1835
1885; 135; 386; 168; 1884
1886; 287; 391; 168; 1883
1887; 170; 390; 168; 1882
1888; 291; 396; 168; 1881
1889; 137; 393; 168; 1880
1890; 381; 390; 168; 1879
1891; 255; 409; 168; 1878
1892; 109; 384; 168; 1877
1893; 177; 399; 168; 1876
1894; 325; 395; 168; 1875
1895; 349; 387; 168; 1874
1896; 216; 397; 168; 1873
1897; 260; 400; 168; 1872
1898; 144; 386; 168; 1871
1899; 146; 387; 169; 1898
1900; 215; 399; 169; 1896
1901; 350; 389; 169; 1895
1902; 325; 397; 169; 1894
1903; 177; 401; 169; 1893
1904; 110; 385; 169; 1892
1905; 255; 411; 169; 1891
1906; 380; 392; 169; 1890
1907; 137; 395; 169; 1889
1908; 292; 398; 169; 1888
1909; 285; 392; 169; 1886
1910; 133; 386; 169; 1885
1911; 179; 397; 169; 1876
1912; 214; 394; 169; 1873
1913; 296; 386; 169; 1868
1914; 212; 394; 170; 1912
1915; 181; 398; 170; 1911
1916; 131; 387; 170; 1910
1917; 283; 393; 170; 1909
1918; 292; 399; 170; 1908
1919; 137; 397; 170; 1907
1920; 380; 394; 170; 1906
1921; 254; 413; 170; 1905
1922; 110; 387; 170; 1904
1923; 177; 403; 170; 1903
1924; 325; 399; 170; 1902
1925; 350; 391; 170; 1901
1926; 215; 401; 170; 1900
1927; 148; 388; 170; 1899
1928; 383; 391; 170; 1890
1929; 385; 391; 171; 1928
1930; 149; 390; 171; 1927
1931; 215; 403; 171; 1926
1932; 351; 393; 171; 1925
1933; 325; 401; 171; 1924
1934; 177; 405; 171; 1923
1935; 111; 389; 171; 1922
1936; 254; 415; 171; 1921
1937; 379; 396; 171; 1920
1938; 137; 399; 171; 1919
1939; 293; 401; 171; 1918
1940; 129; 388; 171; 1916
1941; 183; 399; 171; 1915
1942; 184; 400; 172; 1941
1943; 293; 403; 172; 1939
1944; 137; 401; 172; 1938
1945; 379; 398; 172; 1937
1946; 254; 417; 172; 1936
1947; 112; 391; 172; 1935
1948; 176; 407; 172; 1934
1949; 325; 403; 172; 1933
1950; 352; 394; 172; 1932
1951; 215; 405; 172; 1931
1952; 150; 392; 172; 1930
1953; 387; 391; 172; 1929
1954; 379; 392; 172; 1906
1955; 151; 393; 173; 1952
1956; 215; 407; 173; 1951
1957; 352; 396; 173; 1950
1958; 325; 405; 173; 1949
1959; 176; 409; 173; 1948
1960; 113; 393; 173; 1947
1961; 254; 419; 173; 1946
1962; 378; 400; 173; 1945
1963; 137; 403; 173; 1944
1964; 293; 405; 173; 1943
1965; 186; 401; 173; 1942
1966; 252; 415; 173; 1936
1967; 323; 401; 173; 1933
1968; 250; 415; 174; 1966
1969; 187; 403; 174; 1965
1970; 293; 407; 174; 1964
1971; 137; 405; 174; 1963
1972; 378; 402; 174; 1962
1973; 255; 421; 174; 1961
1974; 113; 395; 174; 1960
1975; 175; 411; 174; 1959
1976; 325; 407; 174; 1958
1977; 351; 398; 174; 1957
1978; 214; 409; 174; 1956
1979; 353; 394; 174; 1950
1980; 214; 411; 175; 1978
1981; 351; 400; 175; 1977
1982; 325; 409; 175; 1976
1983; 175; 413; 175; 1975
1984; 114; 397; 175; 1974
1985; 255; 423; 175; 1973
1986; 377; 404; 175; 1972
1987; 137; 407; 175; 1971
1988; 293; 409; 175; 1970
1989; 248; 415; 175; 1968
1990; 380; 400; 175; 1962
1991; 217; 407; 175; 1956
1992; 246; 415; 176; 1989
1993; 294; 411; 176; 1988
1994; 137; 409; 176; 1987
1995; 376; 406; 176; 1986
1996; 255; 425; 176; 1985
1997; 115; 398; 176; 1984
1998; 175; 415; 176; 1983
1999; 325; 411; 176; 1982
2000; 350; 402; 176; 1981
2001; 213; 412; 176; 1980
2002; 213; 414; 177; 2001
2003; 351; 404; 177; 2000
2004; 326; 413; 177; 1999
2005; 174; 417; 177; 1998
2006; 255; 427; 177; 1996
2007; 375; 407; 177; 1995
2008; 137; 411; 177; 1994
2009; 294; 413; 177; 1993
2010; 244; 415; 177; 1992
2011; 135; 408; 177; 1987
2012; 242; 415; 178; 2010
2013; 294; 415; 178; 2009
2014; 137; 413; 178; 2008
2015; 375; 409; 178; 2007
2016; 256; 429; 178; 2006
2017; 174; 419; 178; 2005
2018; 326; 415; 178; 2004
2019; 351; 406; 178; 2003
2020; 212; 416; 178; 2002
2021; 323; 411; 178; 1999
2022; 212; 418; 179; 2020
2023; 352; 408; 179; 2019
2024; 326; 417; 179; 2018
2025; 175; 421; 179; 2017
2026; 256; 431; 179; 2016
2027; 374; 411; 179; 2015
2028; 138; 415; 179; 2014
2029; 294; 417; 179; 2013
2030; 241; 414; 179; 2012
2031; 239; 413; 180; 2030
2032; 295; 419; 180; 2029
2033; 138; 417; 180; 2028
2034; 373; 413; 180; 2027
2035; 256; 433; 180; 2026
2036; 175; 423; 180; 2025
2037; 326; 419; 180; 2024
2038; 352; 410; 180; 2023
2039; 211; 420; 180; 2022
2040; 139; 413; 180; 2014
2041; 211; 422; 181; 2039
2042; 352; 412; 181; 2038
2043; 327; 421; 181; 2037
2044; 175; 425; 181; 2036
2045; 256; 435; 181; 2035
2046; 373; 415; 181; 2034
2047; 139; 419; 181; 2033
2048; 295; 421; 181; 2032
2049; 296; 423; 182; 2048
2050; 140; 421; 182; 2047
2051; 372; 417; 182; 2046
2052; 256; 437; 182; 2045
2053; 176; 427; 182; 2044
2054; 328; 422; 182; 2043
2055; 353; 414; 182; 2042
2056; 210; 424; 182; 2041
2057; 136; 418; 182; 2033
2058; 134; 418; 183; 2057
2059; 210; 426; 183; 2056
2060; 353; 416; 183; 2055
2061; 328; 424; 183; 2054
2062; 176; 429; 183; 2053
2063; 256; 439; 183; 2052
2064; 371; 419; 183; 2051
2065; 141; 422; 183; 2050
2066; 296; 425; 183; 2049
2067; 297; 427; 184; 2066
2068; 142; 424; 184; 2065
2069; 370; 420; 184; 2064
2070; 256; 441; 184; 2063
2071; 176; 431; 184; 2062
2072; 329; 426; 184; 2061
2073; 354; 418; 184; 2060
2074; 209; 428; 184; 2059
2075; 132; 418; 184; 2058
2076; 174; 427; 184; 2053
2077; 172; 428; 185; 2076
2078; 209; 430; 185; 2074
2079; 354; 420; 185; 2073
2080; 329; 428; 185; 2072
2081; 177; 433; 185; 2071
2082; 256; 443; 185; 2070
2083; 370; 422; 185; 2069
2084; 143; 426; 185; 2068
2085; 297; 429; 185; 2067
2086; 298; 423; 185; 2049
2087; 325; 419; 185; 2037
2088; 323; 419; 186; 2087
2089; 297; 431; 186; 2085
2090; 144; 428; 186; 2084
2091; 369; 424; 186; 2083
2092; 256; 445; 186; 2082
2093; 178; 435; 186; 2081
2094; 329; 430; 186; 2080
2095; 354; 422; 186; 2079
2096; 208; 432; 186; 2078
2097; 170; 429; 186; 2077
2098; 168; 430; 187; 2097
2099; 208; 434; 187; 2096
2100; 355; 424; 187; 2095
2101; 330; 432; 187; 2094
2102; 178; 436; 187; 2093
2103; 256; 447; 187; 2092
2104; 368; 426; 187; 2091
2105; 142; 429; 187; 2090
2106; 297; 433; 187; 2089
2107; 321; 419; 187; 2088
2108; 145; 425; 187; 2084
2109; 147; 425; 188; 2108
2110; 319; 420; 188; 2107
2111; 297; 435; 188; 2106
2112; 367; 428; 188; 2104
2113; 256; 449; 188; 2103
2114; 179; 438; 188; 2102
2115; 330; 434; 188; 2101
2116; 207; 436; 188; 2099
2117; 167; 432; 188; 2098
2118; 331; 430; 188; 2094
2119; 333; 430; 189; 2118
2120; 208; 438; 189; 2116
2121; 330; 436; 189; 2115
2122; 180; 440; 189; 2114
2123; 256; 451; 189; 2113
2124; 366; 429; 189; 2112
2125; 297; 437; 189; 2111
2126; 297; 439; 190; 2125
2127; 365; 431; 190; 2124
2128; 255; 453; 190; 2123
2129; 181; 442; 190; 2122
2130; 329; 438; 190; 2121
2131; 208; 440; 190; 2120
2132; 335; 431; 190; 2119
2133; 336; 433; 191; 2132
2134; 208; 442; 191; 2131
2135; 328; 440; 191; 2130
2136; 181; 444; 191; 2129
2137; 255; 455; 191; 2128
2138; 364; 433; 191; 2127
2139; 297; 441; 191; 2126
2140; 258; 451; 191; 2123
2141; 259; 452; 192; 2140
2142; 297; 443; 192; 2139
2143; 363; 434; 192; 2138
2144; 255; 457; 192; 2137
2145; 182; 446; 192; 2136
2146; 328; 442; 192; 2135
2147; 209; 444; 192; 2134
2148; 209; 446; 193; 2147
2149; 327; 444; 193; 2146
2150; 183; 447; 193; 2145
2151; 255; 459; 193; 2144
2152; 297; 445; 193; 2142
2153; 261; 452; 193; 2141
2154; 299; 441; 193; 2139
2155; 263; 453; 194; 2153
2156; 296; 447; 194; 2152
2157; 254; 461; 194; 2151
2158; 184; 449; 194; 2150
2159; 326; 445; 194; 2149
2160; 209; 448; 194; 2148
2161; 210; 449; 195; 2160
2162; 325; 447; 195; 2159
2163; 184; 451; 195; 2158
2164; 254; 463; 195; 2157
2165; 296; 449; 195; 2156
2166; 265; 454; 195; 2155
2167; 266; 456; 196; 2166
2168; 296; 451; 196; 2165
2169; 254; 465; 196; 2164
2170; 184; 453; 196; 2163
2171; 324; 449; 196; 2162
2172; 210; 451; 196; 2161
2173; 211; 453; 197; 2172
2174; 323; 451; 197; 2171
2175; 185; 455; 197; 2170
2176; 253; 467; 197; 2169
2177; 296; 453; 197; 2168
2178; 268; 457; 197; 2167
2179; 270; 457; 198; 2178
2180; 296; 455; 198; 2177
2181; 253; 469; 198; 2176
2182; 185; 457; 198; 2175
2183; 323; 453; 198; 2174
2184; 212; 455; 198; 2173
2185; 208; 452; 198; 2172
2186; 206; 452; 199; 2185
2187; 213; 457; 199; 2184
2188; 186; 459; 199; 2182
2189; 253; 471; 199; 2181
2190; 296; 457; 199; 2180
2191; 272; 458; 199; 2179
2192; 294; 453; 199; 2177
2193; 273; 459; 200; 2191
2194; 297; 459; 200; 2190
2195; 252; 473; 200; 2189
2196; 186; 461; 200; 2188
2197; 214; 459; 200; 2187
2198; 215; 460; 201; 2197
2199; 186; 463; 201; 2196
2200; 252; 475; 201; 2195
2201; 297; 461; 201; 2194
2202; 274; 461; 201; 2193
2203; 275; 463; 202; 2202
2204; 297; 463; 202; 2201
2205; 252; 477; 202; 2200
2206; 185; 465; 202; 2199
2207; 216; 462; 202; 2198
2208; 217; 463; 203; 2207
2209; 185; 467; 203; 2206
2210; 253; 478; 203; 2205
2211; 298; 465; 203; 2204
2212; 276; 464; 203; 2203
2213; 277; 466; 204; 2212
2214; 298; 467; 204; 2211
2215; 254; 480; 204; 2210
2216; 186; 468; 204; 2209
2217; 218; 465; 204; 2208
2218; 251; 477; 204; 2205
2219; 249; 478; 205; 2218
2220; 219; 467; 205; 2217
2221; 188; 470; 205; 2216
2222; 256; 481; 205; 2215
2223; 298; 469; 205; 2214
2224; 300; 470; 206; 2223
2225; 258; 482; 206; 2222
2226; 189; 472; 206; 2221
2227; 220; 469; 206; 2220
2228; 247; 479; 206; 2219
2229; 245; 479; 207; 2228
2230; 221; 470; 207; 2227
2231; 260; 483; 207; 2225
2232; 302; 470; 207; 2224
2233; 262; 483; 208; 2231
2234; 221; 472; 208; 2230
2235; 243; 480; 208; 2229
2236; 222; 468; 208; 2227
2237; 241; 480; 209; 2235
2238; 221; 474; 209; 2234
2239; 220; 476; 210; 2238
2240; 239; 481; 210; 2237
2241; 237; 481; 211; 2240
2242; 219; 478; 211; 2239
2243; 109; 363; 213; 1760
2244; 150; 359; 213; 1707
2245; 394; 337; 213; 1678
2246; 412; 335; 213; 1671
2247; 144; 360; 213; 1670
2248; 218; 339; 213; 1637
2249; 182; 358; 213; 1616
2250; 340; 342; 213; 1590
2251; 337; 339; 213; 1567
2252; 232; 352; 213; 1565
2253; 278; 347; 213; 1552
2254; 318; 343; 213; 1538
2255; 371; 338; 213; 1527
2256; 244; 351; 213; 1488
2257; 244; 353; 214; 2256
2258; 371; 340; 214; 2255
2259; 318; 345; 214; 2254
2260; 279; 349; 214; 2253
2261; 230; 354; 214; 2252
2262; 340; 344; 214; 2250
2263; 183; 359; 214; 2249
2264; 217; 341; 214; 2248
2265; 144; 362; 214; 2247
2266; 152; 361; 214; 2244
2267; 111; 365; 214; 2243
2268; 112; 366; 215; 2267
2269; 153; 362; 215; 2266
2270; 216; 343; 215; 2264
2271; 185; 361; 215; 2263
2272; 340; 346; 215; 2262
2273; 229; 355; 215; 2261
2274; 280; 351; 215; 2260
2275; 318; 347; 215; 2259
2276; 370; 342; 215; 2258
2277; 245; 355; 215; 2257
2278; 180; 358; 215; 2249
2279; 178; 359; 216; 2278
2280; 245; 357; 216; 2277
2281; 369; 344; 216; 2276
2282; 318; 349; 216; 2275
2283; 280; 353; 216; 2274
2284; 228; 357; 216; 2273
2285; 340; 348; 216; 2272
2286; 186; 362; 216; 2271
2287; 215; 344; 216; 2270
2288; 155; 363; 216; 2269
2289; 114; 367; 216; 2268
2290; 116; 368; 217; 2289
2291; 156; 362; 217; 2288
2292; 214; 346; 217; 2287
2293; 187; 364; 217; 2286
2294; 340; 350; 217; 2285
2295; 227; 358; 217; 2284
2296; 281; 355; 217; 2283
2297; 318; 351; 217; 2282
2298; 367; 345; 217; 2281
2299; 246; 359; 217; 2280
2300; 176; 359; 217; 2279
2301; 278; 352; 217; 2274
2302; 373; 341; 217; 2258
2303; 375; 342; 218; 2302
2304; 246; 360; 218; 2299
2305; 365; 345; 218; 2298
2306; 317; 353; 218; 2297
2307; 282; 357; 218; 2296
2308; 225; 360; 218; 2295
2309; 339; 352; 218; 2294
2310; 188; 365; 218; 2293
2311; 213; 348; 218; 2292
2312; 118; 368; 218; 2290
2313; 119; 370; 219; 2312
2314; 212; 350; 219; 2311
2315; 189; 367; 219; 2310
2316; 339; 354; 219; 2309
2317; 224; 362; 219; 2308
2318; 283; 358; 219; 2307
2319; 316; 355; 219; 2306
2320; 364; 347; 219; 2305
2321; 246; 362; 219; 2304
2322; 247; 364; 220; 2321
2323; 363; 348; 220; 2320
2324; 316; 357; 220; 2319
2325; 284; 360; 220; 2318
2326; 223; 363; 220; 2317
2327; 338; 356; 220; 2316
2328; 189; 369; 220; 2315
2329; 211; 351; 220; 2314
2330; 120; 371; 220; 2313
2331; 209; 353; 221; 2329
2332; 190; 371; 221; 2328
2333; 338; 358; 221; 2327
2334; 221; 364; 221; 2326
2335; 285; 362; 221; 2325
2336; 315; 358; 221; 2324
2337; 362; 350; 221; 2323
2338; 247; 366; 221; 2322
2339; 318; 355; 221; 2319
2340; 247; 368; 222; 2338
2341; 313; 360; 222; 2336
2342; 285; 364; 222; 2335
2343; 219; 365; 222; 2334
2344; 337; 360; 222; 2333
2345; 191; 373; 222; 2332
2346; 193; 374; 223; 2345
2347; 337; 362; 223; 2344
2348; 217; 365; 223; 2343
2349; 286; 366; 223; 2342
2350; 311; 361; 223; 2341
2351; 248; 370; 223; 2340
2352; 188; 372; 223; 2332
2353; 187; 373; 224; 2352
2354; 248; 372; 224; 2351
2355; 309; 362; 224; 2350
2356; 286; 368; 224; 2349
2357; 336; 363; 224; 2347
2358; 195; 375; 224; 2346
2359; 196; 376; 225; 2358
2360; 336; 365; 225; 2357
2361; 286; 370; 225; 2356
2362; 308; 362; 225; 2355
2363; 248; 374; 225; 2354
2364; 185; 374; 225; 2353
2365; 184; 376; 226; 2364
2366; 248; 376; 226; 2363
2367; 307; 364; 226; 2362
2368; 286; 372; 226; 2361
2369; 198; 376; 226; 2359
2370; 200; 378; 227; 2369
2371; 286; 374; 227; 2368
2372; 308; 366; 227; 2367
2373; 249; 378; 227; 2366
2374; 249; 380; 228; 2373
2375; 308; 368; 228; 2372
2376; 287; 376; 228; 2371
2377; 288; 378; 229; 2376
2378; 308; 370; 229; 2375
2379; 309; 372; 230; 2378
2380; 289; 379; 230; 2377
2381; 291; 378; 231; 2380
2382; 309; 374; 231; 2379
2383; 286; 378; 231; 2377
2384; 284; 379; 232; 2383
2385; 361; 352; 232; 2337
2386; 360; 354; 233; 2385
2387; 283; 380; 233; 2384
2388; 281; 381; 234; 2387
2389; 360; 355; 234; 2386
2390; 359; 357; 235; 2389
2391; 279; 382; 235; 2388
2392; 122; 373; 244; 2330
2393; 124; 374; 245; 2392
2394; 125; 375; 246; 2393
2395; 127; 376; 247; 2394
2396; 129; 377; 248; 2395
2397; 130; 378; 249; 2396
2398; 201; 379; 257; 2370
2399; 203; 380; 258; 2398
2400; 205; 381; 259; 2399
2401; 206; 383; 260; 2400
2402; 182; 377; 260; 2365
2403; 180; 378; 261; 2402
2404; 208; 384; 261; 2401
2405; 210; 385; 262; 2404
2406; 179; 379; 262; 2403
2407; 177; 380; 263; 2406
2408; 211; 386; 263; 2405
2409; 213; 387; 264; 2408
2410; 175; 381; 264; 2407
2411; 173; 382; 265; 2410
2412; 215; 388; 265; 2409
2413; 216; 389; 266; 2412
2414; 171; 383; 266; 2411
2415; 170; 383; 267; 2414
2416; 168; 385; 268; 2415
2417; 166; 386; 269; 2416
2418; 280; 384; 271; 2391
2419; 280; 386; 272; 2418
2420; 337; 366; 273; 2360
2421; 339; 368; 274; 2420
2422; 340; 369; 275; 2421
2423; 342; 370; 276; 2422
2424; 394; 339; 281; 2245
2425; 393; 341; 282; 2424
2426; 393; 343; 283; 2425
2427; 393; 345; 284; 2426
2428; 174; 383; 285; 2411
2429; 175; 385; 286; 2428
2430; 176; 387; 287; 2429
2431; 290; 381; 287; 2380
2432; 290; 383; 288; 2431
2433; 291; 385; 289; 2432
2434; 309; 376; 290; 2382
2435; 310; 378; 291; 2434
2436; 311; 380; 292; 2435
2437; 311; 382; 293; 2436
2438; 279; 387; 293; 2419
2439; 278; 389; 294; 2438
2440; 277; 390; 295; 2439
2441; 275; 392; 296; 2440
2442; 359; 359; 297; 2390
2443; 359; 361; 298; 2442
2444; 359; 363; 299; 2443
2445; 359; 365; 300; 2444
2446; 291; 387; 300; 2433
2447; 210; 387; 300; 2408
2448; 209; 389; 301; 2447
2449; 208; 391; 302; 2448
2450; 207; 392; 303; 2449
2451; 206; 394; 304; 2450
2452; 205; 396; 305; 2451
2453; 177; 388; 305; 2430
2454; 179; 390; 306; 2453
2455; 204; 398; 306; 2452
2456; 180; 391; 307; 2454
2457; 181; 393; 308; 2456
2458; 183; 394; 309; 2457
2459; 177; 391; 312; 2454
2460; 249; 382; 327; 2374
2461; 248; 384; 328; 2460
2462; 165; 387; 328; 2417
2463; 132; 379; 328; 2397
2464; 133; 381; 329; 2463
2465; 163; 388; 329; 2462
2466; 248; 386; 329; 2461
2467; 247; 388; 330; 2466
2468; 161; 388; 330; 2465
2469; 134; 383; 330; 2464
2470; 159; 389; 331; 2468
2471; 247; 390; 331; 2467
2472; 246; 392; 332; 2471
2473; 157; 390; 332; 2470
2474; 247; 394; 333; 2472
2475; 248; 395; 334; 2474
2476; 250; 396; 335; 2475
2477; 252; 397; 336; 2476
2478; 253; 399; 337; 2477
2479; 361; 366; 338; 2445
2480; 363; 366; 339; 2479
2481; 365; 366; 340; 2480
2482; 367; 365; 341; 2481
2483; 183; 396; 345; 2458
2484; 217; 391; 346; 2413
2485; 218; 393; 347; 2484
2486; 218; 395; 348; 2485
2487; 219; 396; 349; 2486
2488; 176; 393; 349; 2459
2489; 176; 395; 350; 2488
2490; 220; 398; 350; 2487
2491; 275; 394; 350; 2441
2492; 313; 383; 350; 2437
2493; 315; 384; 351; 2492
2494; 275; 396; 351; 2491
2495; 221; 400; 351; 2490
2496; 222; 402; 352; 2495
2497; 275; 398; 352; 2494
2498; 316; 385; 352; 2493
2499; 255; 400; 352; 2478
2500; 256; 402; 353; 2499
2501; 318; 386; 353; 2498
2502; 320; 387; 354; 2501
2503; 257; 403; 354; 2500
2504; 321; 388; 355; 2502
2505; 361; 368; 365; 2479
2506; 361; 370; 366; 2505
2507; 361; 372; 367; 2506
2508; 132; 384; 368; 2469
2509; 321; 390; 371; 2504
2510; 321; 392; 372; 2509
2511; 321; 394; 373; 2510
2512; 221; 404; 377; 2496
2513; 220; 406; 378; 2512
2514; 220; 408; 379; 2513
2515; 218; 409; 380; 2514
2516; 218; 411; 381; 2515
2517; 218; 413; 382; 2516
2518; 277; 399; 382; 2497
2519; 278; 400; 383; 2518
2520; 218; 415; 383; 2517
2521; 220; 415; 384; 2520
2522; 280; 402; 384; 2519
2523; 281; 403; 385; 2522
2524; 283; 404; 386; 2523
2525; 284; 405; 387; 2524
2526; 216; 415; 387; 2520
2527; 392; 346; 387; 2427
2528; 392; 348; 388; 2527
2529; 214; 416; 388; 2526
2530; 286; 406; 388; 2525
2531; 212; 416; 389; 2529
2532; 392; 350; 389; 2528
2533; 391; 352; 390; 2532
2534; 210; 415; 390; 2531
2535; 208; 415; 391; 2534
2536; 391; 354; 391; 2533
2537; 390; 356; 392; 2536
2538; 389; 358; 393; 2537
2539; 323; 395; 393; 2511
2540; 258; 405; 393; 2503
2541; 259; 407; 394; 2540
2542; 325; 396; 394; 2539
2543; 388; 360; 394; 2538
2544; 326; 397; 395; 2542
2545; 260; 408; 395; 2541
2546; 261; 410; 396; 2545
2547; 328; 397; 396; 2544
2548; 330; 398; 397; 2547
2549; 262; 412; 397; 2546
2550; 132; 386; 397; 2508
2551; 132; 388; 398; 2550
2552; 263; 413; 398; 2549
2553; 332; 399; 398; 2548
2554; 264; 415; 399; 2552
2555; 206; 416; 400; 2535
2556; 205; 417; 401; 2555
2557; 265; 417; 408; 2554
2558; 334; 399; 408; 2553
2559; 336; 398; 409; 2558
2560; 266; 419; 409; 2557
2561; 361; 374; 409; 2507
2562; 361; 376; 410; 2561
2563; 338; 398; 410; 2559
2564; 130; 388; 410; 2551
2565; 128; 388; 411; 2564
2566; 340; 398; 411; 2563
2567; 361; 378; 411; 2562
2568; 361; 380; 412; 2567
2569; 342; 397; 412; 2566
2570; 126; 388; 412; 2565
2571; 203; 418; 412; 2556
2572; 286; 408; 412; 2530
2573; 287; 410; 413; 2572
2574; 344; 397; 413; 2569
2575; 361; 382; 413; 2568
2576; 361; 384; 414; 2575
2577; 287; 412; 414; 2573
2578; 222; 417; 414; 2521
2579; 224; 418; 415; 2578
2580; 287; 414; 415; 2577
2581; 361; 386; 415; 2576
2582; 287; 416; 416; 2580
2583; 225; 419; 416; 2579
2584; 214; 418; 416; 2529
2585; 214; 420; 417; 2584
2586; 226; 421; 417; 2583
2587; 203; 420; 417; 2571
2588; 227; 422; 418; 2586
2589; 215; 421; 418; 2585
2590; 216; 423; 419; 2589
2591; 229; 423; 419; 2588
2592; 128; 390; 419; 2565
2593; 231; 424; 420; 2591
2594; 233; 425; 421; 2593
2595; 288; 418; 421; 2582
2596; 235; 425; 422; 2594
2597; 336; 400; 423; 2559
2598; 336; 402; 424; 2597
2599; 235; 427; 427; 2596
2600; 289; 419; 429; 2595
2601; 265; 421; 429; 2560
2602; 265; 423; 430; 2601
2603; 291; 420; 430; 2600
2604; 338; 404; 430; 2598
2605; 363; 386; 430; 2581
2606; 326; 399; 430; 2544
2607; 325; 401; 431; 2606
2608; 365; 387; 431; 2605
2609; 293; 421; 431; 2603
2610; 265; 425; 431; 2602
2611; 295; 421; 432; 2609
2612; 324; 402; 432; 2607
2613; 323; 404; 433; 2612
2614; 390; 361; 433; 2543
2615; 323; 406; 434; 2613
2616; 393; 353; 434; 2533
2617; 395; 353; 435; 2616
2618; 322; 408; 435; 2615
2619; 322; 410; 436; 2618
2620; 397; 354; 436; 2617
2621; 399; 354; 437; 2620
2622; 321; 412; 437; 2619
2623; 320; 414; 438; 2622
2624; 401; 355; 438; 2621
2625; 320; 416; 439; 2623
2626; 235; 429; 439; 2599
2627; 235; 431; 440; 2626
2628; 319; 417; 440; 2625
2629; 129; 392; 440; 2592
2630; 129; 394; 441; 2629
2631; 318; 419; 441; 2628
2632; 130; 396; 442; 2630
2633; 296; 423; 442; 2611
2634; 297; 424; 443; 2633
2635; 130; 398; 443; 2632
2636; 345; 399; 443; 2574
2637; 346; 400; 444; 2636
2638; 347; 402; 445; 2637
2639; 299; 426; 449; 2634
2640; 236; 432; 449; 2627
2641; 237; 434; 450; 2640
2642; 300; 427; 450; 2639
2643; 201; 421; 450; 2587
2644; 200; 423; 451; 2643
2645; 301; 429; 451; 2642
2646; 239; 436; 451; 2641
2647; 240; 437; 452; 2646
2648; 300; 431; 452; 2645
2649; 199; 425; 452; 2644
2650; 266; 426; 452; 2610
2651; 267; 428; 453; 2650
2652; 199; 427; 453; 2649
2653; 299; 432; 453; 2648
2654; 198; 429; 454; 2652
2655; 268; 430; 454; 2651
2656; 124; 389; 454; 2570
2657; 122; 389; 455; 2656
2658; 270; 431; 455; 2655
2659; 197; 430; 455; 2654
2660; 241; 439; 455; 2647
2661; 392; 362; 455; 2614
2662; 242; 441; 456; 2660
2663; 196; 432; 456; 2659
2664; 271; 433; 456; 2658
2665; 120; 389; 456; 2657
2666; 118; 390; 457; 2665
2667; 272; 435; 457; 2664
2668; 195; 434; 457; 2663
2669; 243; 442; 457; 2662
2670; 302; 430; 457; 2645
2671; 365; 389; 457; 2608
2672; 365; 391; 458; 2671
2673; 304; 431; 458; 2670
2674; 194; 435; 458; 2668
2675; 273; 436; 458; 2667
2676; 132; 400; 458; 2635
2677; 133; 401; 459; 2676
2678; 274; 438; 459; 2675
2679; 193; 436; 459; 2674
2680; 306; 431; 459; 2673
2681; 365; 393; 459; 2672
2682; 366; 395; 460; 2681
2683; 191; 436; 460; 2679
2684; 275; 439; 460; 2678
2685; 134; 403; 460; 2677
2686; 196; 437; 460; 2674
2687; 240; 442; 460; 2662
2688; 238; 443; 461; 2687
2689; 198; 438; 461; 2686
2690; 136; 404; 461; 2685
2691; 277; 440; 461; 2684
2692; 189; 436; 461; 2683
2693; 187; 436; 462; 2692
2694; 137; 406; 462; 2690
2695; 236; 444; 462; 2688
2696; 235; 445; 463; 2695
2697; 138; 407; 463; 2694
2698; 185; 435; 463; 2693
2699; 183; 435; 464; 2698
2700; 140; 409; 464; 2697
2701; 306; 433; 464; 2680
2702; 244; 444; 464; 2669
2703; 141; 410; 465; 2700
2704; 181; 435; 465; 2699
2705; 179; 434; 466; 2704
2706; 142; 412; 466; 2703
2707; 143; 413; 467; 2706
2708; 177; 434; 467; 2705
2709; 175; 434; 468; 2708
2710; 144; 415; 468; 2707
2711; 348; 404; 468; 2638
2712; 349; 406; 469; 2711
2713; 145; 417; 469; 2710
2714; 146; 419; 470; 2713
2715; 350; 408; 470; 2712
2716; 233; 446; 470; 2696
2717; 231; 446; 471; 2716
2718; 351; 409; 471; 2715
2719; 147; 420; 471; 2714
2720; 351; 411; 472; 2718
2721; 229; 447; 472; 2717
2722; 320; 420; 472; 2631
2723; 321; 421; 473; 2722
2724; 227; 448; 473; 2721
2725; 116; 390; 473; 2666
2726; 403; 354; 473; 2624
2727; 405; 354; 474; 2726
2728; 114; 390; 474; 2725
2729; 226; 449; 474; 2724
2730; 323; 423; 474; 2723
2731; 325; 424; 475; 2730
2732; 224; 450; 475; 2729
2733; 230; 449; 475; 2721
2734; 231; 451; 476; 2733
2735; 326; 425; 476; 2731
2736; 142; 416; 476; 2710
2737; 328; 426; 477; 2735
2738; 353; 413; 477; 2720
2739; 354; 414; 478; 2738
2740; 330; 427; 478; 2737
2741; 332; 428; 479; 2740
2742; 355; 416; 479; 2739
2743; 188; 438; 479; 2692
2744; 188; 440; 480; 2743
2745; 356; 417; 480; 2742
2746; 334; 428; 480; 2741
2747; 335; 429; 481; 2746
2748; 277; 442; 481; 2691
2749; 367; 396; 481; 2682
2750; 369; 398; 482; 2749
2751; 278; 444; 482; 2748
2752; 278; 446; 483; 2751
2753; 370; 399; 483; 2750
2754; 223; 451; 483; 2732
2755; 222; 453; 484; 2754
2756; 372; 400; 484; 2753
2757; 279; 448; 484; 2752
2758; 356; 419; 484; 2745
2759; 355; 421; 485; 2758
2760; 278; 450; 485; 2757
2761; 187; 441; 485; 2744
2762; 185; 443; 486; 2761
2763; 278; 452; 486; 2760
2764; 355; 423; 486; 2759
2765; 147; 422; 486; 2719
2766; 147; 424; 487; 2765
2767; 278; 454; 487; 2763
2768; 184; 444; 487; 2762
2769; 277; 456; 488; 2767
2770; 147; 426; 488; 2766
2771; 280; 453; 488; 2763
2772; 282; 453; 489; 2771
2773; 275; 458; 489; 2769
2774; 274; 459; 490; 2773
2775; 284; 453; 490; 2772
2776; 222; 455; 490; 2755
2777; 337; 431; 490; 2747
2778; 114; 392; 490; 2728
2779; 114; 394; 491; 2778
2780; 338; 432; 491; 2777
2781; 221; 457; 491; 2776
2782; 273; 460; 491; 2774
2783; 220; 458; 492; 2781
2784; 338; 434; 492; 2780
2785; 114; 396; 492; 2779
2786; 393; 364; 492; 2661
2787; 393; 366; 493; 2786
2788; 115; 398; 493; 2785
2789; 338; 436; 493; 2784
2790; 218; 459; 493; 2783
2791; 276; 461; 493; 2774
2792; 277; 462; 494; 2791
2793; 216; 459; 494; 2790
2794; 337; 438; 494; 2789
2795; 115; 400; 494; 2788
2796; 394; 367; 494; 2787
2797; 146; 427; 494; 2770
2798; 184; 446; 494; 2768
2799; 183; 448; 495; 2798
2800; 144; 427; 495; 2797
2801; 395; 369; 495; 2796
2802; 336; 440; 495; 2794
2803; 214; 460; 495; 2793
2804; 232; 453; 495; 2734
2805; 233; 454; 496; 2804
2806; 212; 461; 496; 2803
2807; 334; 442; 496; 2802
2808; 396; 371; 496; 2801
2809; 142; 427; 496; 2800
2810; 183; 450; 496; 2799
2811; 173; 435; 496; 2709
2812; 172; 436; 497; 2811
2813; 396; 373; 497; 2808
2814; 333; 443; 497; 2807
2815; 210; 462; 497; 2806
2816; 234; 456; 497; 2805
2817; 217; 461; 497; 2793
2818; 220; 460; 497; 2783
2819; 286; 454; 497; 2775
2820; 288; 455; 498; 2819
2821; 220; 462; 498; 2818
2822; 217; 463; 498; 2817
2823; 234; 458; 498; 2816
2824; 332; 445; 498; 2814
2825; 396; 375; 498; 2813
2826; 170; 437; 498; 2812
2827; 169; 439; 499; 2826
2828; 396; 377; 499; 2825
2829; 331; 446; 499; 2824
2830; 235; 460; 499; 2823
2831; 221; 464; 499; 2821
2832; 289; 456; 499; 2820
2833; 374; 400; 499; 2756
2834; 376; 400; 500; 2833
2835; 291; 457; 500; 2832
2836; 236; 462; 500; 2830
2837; 329; 448; 500; 2829
2838; 396; 379; 500; 2828
2839; 167; 440; 500; 2827
2840; 208; 462; 500; 2815
2841; 207; 463; 501; 2840
2842; 165; 441; 501; 2839
2843; 396; 381; 501; 2838
2844; 236; 464; 501; 2836
2845; 293; 457; 501; 2835
2846; 378; 400; 501; 2834
2847; 380; 400; 502; 2846
2848; 295; 458; 502; 2845
2849; 396; 383; 502; 2843
2850; 164; 442; 502; 2842
2851; 205; 464; 502; 2841
2852; 272; 462; 502; 2782
2853; 270; 464; 503; 2852
2854; 203; 464; 503; 2851
2855; 162; 443; 503; 2850
2856; 297; 459; 503; 2848
2857; 382; 400; 503; 2847
2858; 237; 466; 503; 2844
2859; 222; 466; 503; 2831
2860; 337; 441; 503; 2802
2861; 339; 443; 504; 2860
2862; 222; 468; 504; 2859
2863; 238; 467; 504; 2858
2864; 384; 401; 504; 2857
2865; 299; 459; 504; 2856
2866; 160; 444; 504; 2855
2867; 201; 465; 504; 2854
2868; 270; 465; 504; 2853
2869; 269; 467; 505; 2868
2870; 161; 446; 505; 2866
2871; 301; 460; 505; 2865
2872; 239; 469; 505; 2863
2873; 240; 471; 506; 2872
2874; 303; 461; 506; 2871
2875; 161; 448; 506; 2870
2876; 268; 469; 506; 2869
2877; 267; 471; 507; 2876
2878; 304; 461; 507; 2874
2879; 340; 444; 507; 2861
2880; 342; 445; 508; 2879
2881; 306; 462; 508; 2878
2882; 308; 462; 509; 2881
2883; 342; 447; 509; 2880
2884; 341; 449; 510; 2883
2885; 310; 463; 510; 2882
2886; 162; 449; 510; 2875
2887; 163; 451; 511; 2886
2888; 312; 464; 511; 2885
2889; 341; 451; 511; 2884
2890; 239; 472; 511; 2873
2891; 238; 474; 512; 2890
2892; 164; 453; 512; 2887
2893; 200; 467; 512; 2867
2894; 223; 470; 512; 2862
2895; 223; 472; 513; 2894
2896; 200; 469; 513; 2893
2897; 165; 455; 513; 2892
2898; 238; 476; 513; 2891
2899; 239; 478; 514; 2898
2900; 223; 474; 514; 2895
2901; 223; 476; 515; 2900
2902; 239; 480; 515; 2899
